-- MySQL dump 10.17  Distrib 10.3.12-MariaDB, for debian-linux-gnu (x86_64)
--
-- Host: localhost    Database: cldsdb4
-- ------------------------------------------------------
-- Server version	10.3.12-MariaDB-1:10.3.12+maria~bionic-log

/*!40101 SET @OLD_CHARACTER_SET_CLIENT=@@CHARACTER_SET_CLIENT */;
/*!40101 SET @OLD_CHARACTER_SET_RESULTS=@@CHARACTER_SET_RESULTS */;
/*!40101 SET @OLD_COLLATION_CONNECTION=@@COLLATION_CONNECTION */;
/*!40101 SET NAMES utf8mb4 */;
/*!40103 SET @OLD_TIME_ZONE=@@TIME_ZONE */;
/*!40103 SET TIME_ZONE='+00:00' */;
/*!40014 SET @OLD_FOREIGN_KEY_CHECKS=@@FOREIGN_KEY_CHECKS, FOREIGN_KEY_CHECKS=0 */;
/*!40101 SET @OLD_SQL_MODE=@@SQL_MODE, SQL_MODE='NO_AUTO_VALUE_ON_ZERO' */;
/*!40111 SET @OLD_SQL_NOTES=@@SQL_NOTES, SQL_NOTES=0 */;

--
-- Current Database: `cldsdb4`
--

USE `cldsdb4`;

--
-- Dumping data for table `dictionary`
--

LOCK TABLES `dictionary` WRITE;
/*!40000 ALTER TABLE `dictionary` DISABLE KEYS */;
INSERT INTO `dictionary` VALUES ('DefaultActors','Not found','2020-04-16 16:49:31.863816','Not found','2020-04-16 16:49:31.863816',0,'');
INSERT INTO `dictionary` VALUES ('DefaultOperations','Not found','2020-04-16 16:49:31.968970','Not found','2020-04-16 16:49:31.968970',0,'');
/*!40000 ALTER TABLE `dictionary` ENABLE KEYS */;
UNLOCK TABLES;

--
-- Dumping data for table `dictionary_elements`
--

LOCK TABLES `dictionary_elements` WRITE;
/*!40000 ALTER TABLE `dictionary_elements` DISABLE KEYS */;
INSERT INTO `dictionary_elements` VALUES ('APPC','Not found','2020-04-16 16:49:31.919100','Not found','2020-04-16 16:49:31.919100','APPC component','APPC',NULL,'string');
INSERT INTO `dictionary_elements` VALUES ('BandwidthOnDemand (SDNC operation)','Not found','2020-04-16 16:49:31.970942','Not found','2020-04-16 16:49:31.970942','SDNC operation','BandwidthOnDemand',NULL,'string');
INSERT INTO `dictionary_elements` VALUES ('Health-Check (APPC operation)','Not found','2020-04-16 16:49:32.001881','Not found','2020-04-16 16:49:32.001881','APPC operation','Health-Check',NULL,'string');
INSERT INTO `dictionary_elements` VALUES ('Migrate (APPC operation)','Not found','2020-04-16 16:49:31.991418','Not found','2020-04-16 16:49:31.991418','APPC operation','Migrate',NULL,'string');
INSERT INTO `dictionary_elements` VALUES ('ModifyConfig (APPC/VFC operation)','Not found','2020-04-16 16:49:31.986045','Not found','2020-04-16 16:49:31.986045','APPC/VFC operation','ModifyConfig',NULL,'string');
INSERT INTO `dictionary_elements` VALUES ('Rebuild (APPC operation)','Not found','2020-04-16 16:49:31.978401','Not found','2020-04-16 16:49:31.978401','APPC operation','Rebuild',NULL,'string');
INSERT INTO `dictionary_elements` VALUES ('Reroute (SDNC operation)','Not found','2020-04-16 16:49:31.974718','Not found','2020-04-16 16:49:31.974718','SDNC operation','Reroute',NULL,'string');
INSERT INTO `dictionary_elements` VALUES ('Restart (APPC operation)','Not found','2020-04-16 16:49:31.988714','Not found','2020-04-16 16:49:31.988714','APPC operation','Restart',NULL,'string');
INSERT INTO `dictionary_elements` VALUES ('SDNC','Not found','2020-04-16 16:49:31.900260','Not found','2020-04-16 16:49:31.900260','SDNC component','SDNC',NULL,'string');
INSERT INTO `dictionary_elements` VALUES ('SDNR','Not found','2020-04-16 16:49:31.896525','Not found','2020-04-16 16:49:31.896525','SDNR component','SDNR',NULL,'string');
INSERT INTO `dictionary_elements` VALUES ('SO','Not found','2020-04-16 16:49:31.914906','Not found','2020-04-16 16:49:31.914906','SO component','SO',NULL,'string');
INSERT INTO `dictionary_elements` VALUES ('VF Module Create (SO operation)','Not found','2020-04-16 16:49:31.976664','Not found','2020-04-16 16:49:31.976664','SO operation','VF Module Create',NULL,'string');
INSERT INTO `dictionary_elements` VALUES ('VF Module Delete (SO operation)','Not found','2020-04-16 16:49:31.972818','Not found','2020-04-16 16:49:31.972818','SO operation','VF Module Delete',NULL,'string');
INSERT INTO `dictionary_elements` VALUES ('VFC','Not found','2020-04-16 16:49:31.904373','Not found','2020-04-16 16:49:31.904373','VFC component','VFC',NULL,'string');
/*!40000 ALTER TABLE `dictionary_elements` ENABLE KEYS */;
UNLOCK TABLES;

--
-- Dumping data for table `dictionary_to_dictionaryelements`
--

LOCK TABLES `dictionary_to_dictionaryelements` WRITE;
/*!40000 ALTER TABLE `dictionary_to_dictionaryelements` DISABLE KEYS */;
INSERT INTO `dictionary_to_dictionaryelements` VALUES ('DefaultActors','APPC');
INSERT INTO `dictionary_to_dictionaryelements` VALUES ('DefaultActors','SDNC');
INSERT INTO `dictionary_to_dictionaryelements` VALUES ('DefaultActors','SDNR');
INSERT INTO `dictionary_to_dictionaryelements` VALUES ('DefaultActors','SO');
INSERT INTO `dictionary_to_dictionaryelements` VALUES ('DefaultActors','VFC');
INSERT INTO `dictionary_to_dictionaryelements` VALUES ('DefaultOperations','BandwidthOnDemand (SDNC operation)');
INSERT INTO `dictionary_to_dictionaryelements` VALUES ('DefaultOperations','Health-Check (APPC operation)');
INSERT INTO `dictionary_to_dictionaryelements` VALUES ('DefaultOperations','Migrate (APPC operation)');
INSERT INTO `dictionary_to_dictionaryelements` VALUES ('DefaultOperations','ModifyConfig (APPC/VFC operation)');
INSERT INTO `dictionary_to_dictionaryelements` VALUES ('DefaultOperations','Rebuild (APPC operation)');
INSERT INTO `dictionary_to_dictionaryelements` VALUES ('DefaultOperations','Reroute (SDNC operation)');
INSERT INTO `dictionary_to_dictionaryelements` VALUES ('DefaultOperations','Restart (APPC operation)');
INSERT INTO `dictionary_to_dictionaryelements` VALUES ('DefaultOperations','VF Module Create (SO operation)');
INSERT INTO `dictionary_to_dictionaryelements` VALUES ('DefaultOperations','VF Module Delete (SO operation)');
/*!40000 ALTER TABLE `dictionary_to_dictionaryelements` ENABLE KEYS */;
UNLOCK TABLES;

--
-- Dumping data for table `hibernate_sequence`
--

LOCK TABLES `hibernate_sequence` WRITE;
/*!40000 ALTER TABLE `hibernate_sequence` DISABLE KEYS */;
INSERT INTO `hibernate_sequence` VALUES (11);
/*!40000 ALTER TABLE `hibernate_sequence` ENABLE KEYS */;
UNLOCK TABLES;

--
-- Dumping data for table `loop_element_models`
--

LOCK TABLES `loop_element_models` WRITE;
/*!40000 ALTER TABLE `loop_element_models` DISABLE KEYS */;
INSERT INTO `loop_element_models` VALUES ('onap.policies.monitoring.cdap.tca.hi.lo.app',NULL,'2020-04-16 16:48:51.037499','Not found','2020-04-16 16:48:52.538901',NULL,NULL,'MICRO_SERVICE_TYPE',NULL);
/*!40000 ALTER TABLE `loop_element_models` ENABLE KEYS */;
UNLOCK TABLES;

--
-- Dumping data for table `loop_logs`
--

LOCK TABLES `loop_logs` WRITE;
/*!40000 ALTER TABLE `loop_logs` DISABLE KEYS */;
/*!40000 ALTER TABLE `loop_logs` ENABLE KEYS */;
UNLOCK TABLES;

--
-- Dumping data for table `loop_templates`
--

LOCK TABLES `loop_templates` WRITE;
/*!40000 ALTER TABLE `loop_templates` DISABLE KEYS */;
INSERT INTO `loop_templates` VALUES ('LOOP_TEMPLATE_klciS_v1_0_ResourceInstanceName1_tca','Not found','2020-04-16 16:48:52.353132','Not found','2020-04-16 16:48:52.353132','CLOSED','tosca_definitions_version: cloudify_dsl_1_3\nimports:\n- http://www.getcloudify.org/spec/cloudify/3.4/types.yaml\n- https://onap.org:8443/repository/solutioning01-mte2-raw/type_files/docker/2.2.0/node-type.yaml\n- https://onap.org:8443/repository/solutioning01-mte2-raw/type_files/relationship/1.0.0/node-type.yaml\n- http://onap.org:8081/repository/solutioning01-mte2-raw/type_files/dmaap/dmaap_mr.yaml\ninputs:\n  location_id:\n    type: string\n  service_id:\n    type: string\n  policy_id:\n    type: string\nnode_templates:\n  policy_0:\n    type: dcae.nodes.policy\n    properties:\n      policy_id: \n        get_input: policy_id\n      policy_model_id: \"onap.policies.monitoring.cdap.tca.hi.lo.app\"\n  cdap_host_host:\n    type: dcae.nodes.StreamingAnalytics.SelectedCDAPInfrastructure\n    properties:\n      location_id:\n        get_input: location_id\n      scn_override: cdap_broker.solutioning-central.dcae.onap.org\n    interfaces:\n      cloudify.interfaces.lifecycle: {\n        }\n  tca_tca:\n    type: dcae.nodes.MicroService.cdap\n    properties:\n      app_config:\n        appDescription: DCAE Analytics Threshold Crossing Alert Application\n        appName: dcae-tca\n        tcaSubscriberOutputStreamName: TCASubscriberOutputStream\n        tcaVESAlertsTableName: TCAVESAlertsTable\n        tcaVESAlertsTableTTLSeconds: \'1728000\'\n        tcaVESMessageStatusTableName: TCAVESMessageStatusTable\n        tcaVESMessageStatusTableTTLSeconds: \'86400\'\n        thresholdCalculatorFlowletInstances: \'2\'\n      app_preferences:\n        publisherContentType: application/json\n        publisherHostName: mrlocal-mtnjftle01.onap.org\n        publisherHostPort: \'3905\'\n        publisherMaxBatchSize: \'10\'\n        publisherMaxRecoveryQueueSize: \'100000\'\n        publisherPollingInterval: \'20000\'\n        publisherProtocol: https\n        publisherTopicName: org.onap.dcae.dmaap.mtnje2.DcaeTestVESPub\n        publisherUserName: test@tca.af.dcae.onap.org\n        publisherUserPassword: password\n        subscriberConsumerGroup: OpenDCAE-c12\n        subscriberConsumerId: c12\n        subscriberContentType: application/json\n        subscriberHostName: mrlocal-mtnjftle01.onap.org\n        subscriberHostPort: \'3905\'\n        subscriberMessageLimit: \'-1\'\n        subscriberPollingInterval: \'20000\'\n        subscriberProtocol: https\n        subscriberTimeoutMS: \'-1\'\n        subscriberTopicName: org.onap.dcae.dmaap.mtnje2.DcaeTestVESSub\n        subscriberUserName: test@tca.af.dcae.onap.org\n        subscriberUserPassword: password\n        tca_policy: null\n      artifact_name: dcae-analytics-tca\n      artifact_version: 1.0.0\n      connections:\n        streams_publishes: [\n          ]\n        streams_subscribes: [\n          ]\n      jar_url: http://somejar\n      location_id:\n        get_input: location_id\n      namespace: cdap_tca_hi_lo\n      programs:\n      - program_id: TCAVESCollectorFlow\n        program_type: flows\n      - program_id: TCADMaaPMRSubscriberWorker\n        program_type: workers\n      - program_id: TCADMaaPMRPublisherWorker\n        program_type: workers\n      service_component_type: cdap_app_tca\n      service_id:\n        get_input: service_id\n      streamname: TCASubscriberOutputStream\n    relationships:\n    - target: topic0\n      type: dcae.relationships.subscribe_to_events\n    - target: topic1\n      type: dcae.relationships.publish_events\n    - target: cdap_host_host\n      type: dcae.relationships.component_contained_in\n    - target: policy_0\n      type: dcae.relationships.depends_on\n  topic0:\n    type: dcae.nodes.Topic\n    properties:\n      topic_name: \'\'\n  topic1:\n    type: dcae.nodes.Topic\n    properties:\n      topic_name: \'\'\n      \n','typeId-83c79bbd-0143-47b1-923f-4f393ca7de8f',0,'<svg xmlns=\"http://www.w3.org/2000/svg\"><g fill-opacity=\"1\" color-rendering=\"auto\" color-interpolation=\"auto\" text-rendering=\"auto\" stroke=\"black\" stroke-linecap=\"square\" stroke-miterlimit=\"10\" shape-rendering=\"auto\" stroke-opacity=\"1\" fill=\"black\" stroke-dasharray=\"none\" font-weight=\"normal\" stroke-width=\"1\" font-family=\"\'Dialog\'\" font-style=\"normal\" data-element-id=\"start-circle\" stroke-linejoin=\"miter\" font-size=\"12px\" image-rendering=\"auto\" stroke-dashoffset=\"0\"><!--Generated by the Batik Graphics2D SVG Generator--><defs id=\"genericDefs\"/><g><g shape-rendering=\"geometricPrecision\" text-rendering=\"optimizeQuality\" stroke-width=\"2\"><circle fill=\"none\" r=\"17\" cx=\"18\" cy=\"41\"/></g></g></g><g fill-opacity=\"1\" color-rendering=\"auto\" color-interpolation=\"auto\" text-rendering=\"auto\" stroke=\"black\" stroke-linecap=\"square\" stroke-miterlimit=\"10\" shape-rendering=\"auto\" stroke-opacity=\"1\" fill=\"black\" stroke-dasharray=\"none\" font-weight=\"normal\" stroke-width=\"1\" font-family=\"\'Dialog\'\" font-style=\"normal\" data-element-id=\"Arrow-bbd87bf8-2037-40fd-851a-32d8a0025226\" stroke-linejoin=\"miter\" font-size=\"12px\" image-rendering=\"auto\" stroke-dashoffset=\"0\"><!--Generated by the Batik Graphics2D SVG Generator--><defs id=\"genericDefs\"/><g><g shape-rendering=\"geometricPrecision\" text-rendering=\"optimizeQuality\" stroke-width=\"2\"><line y2=\"41\" fill=\"none\" x1=\"35\" x2=\"123\" y1=\"41\"/><polygon fill=\"none\" points=\" 121 39 121 43 125 41\"/><polygon points=\" 121 39 121 43 125 41\" stroke=\"none\"/></g></g></g><g fill-opacity=\"1\" color-rendering=\"auto\" color-interpolation=\"auto\" text-rendering=\"auto\" stroke=\"black\" stroke-linecap=\"square\" stroke-miterlimit=\"10\" shape-rendering=\"auto\" stroke-opacity=\"1\" fill=\"black\" stroke-dasharray=\"none\" font-weight=\"normal\" stroke-width=\"1\" font-family=\"\'Dialog\'\" font-style=\"normal\" data-element-id=\"VES\" stroke-linejoin=\"miter\" font-size=\"12px\" image-rendering=\"auto\" stroke-dashoffset=\"0\"><!--Generated by the Batik Graphics2D SVG Generator--><defs id=\"genericDefs\"/><g><g shape-rendering=\"geometricPrecision\" text-rendering=\"optimizeQuality\" stroke-width=\"2\"><rect fill=\"none\" x=\"127\" width=\"123\" y=\"1\" height=\"82\"/></g><g fill-opacity=\"0\" fill=\"rgb(0,0,0)\" text-rendering=\"optimizeQuality\" shape-rendering=\"geometricPrecision\" stroke=\"rgb(0,0,0)\" stroke-opacity=\"0\" stroke-width=\"2\"><rect x=\"127\" width=\"123\" y=\"1\" height=\"82\" stroke=\"none\"/></g><g text-rendering=\"optimizeQuality\" stroke-width=\"2\" shape-rendering=\"geometricPrecision\" font-family=\"sans-serif\"><text x=\"177.5\" xml:space=\"preserve\" y=\"46.5\" stroke=\"none\">VES</text><line y2=\"83\" fill=\"none\" x1=\"147\" x2=\"147\" y1=\"1\"/></g></g></g><g fill-opacity=\"1\" color-rendering=\"auto\" color-interpolation=\"auto\" text-rendering=\"auto\" stroke=\"black\" stroke-linecap=\"square\" stroke-miterlimit=\"10\" shape-rendering=\"auto\" stroke-opacity=\"1\" fill=\"black\" stroke-dasharray=\"none\" font-weight=\"normal\" stroke-width=\"1\" font-family=\"\'Dialog\'\" font-style=\"normal\" data-element-id=\"Arrow-db00a706-5f93-4da6-9b87-8e6aebd622f9\" stroke-linejoin=\"miter\" font-size=\"12px\" image-rendering=\"auto\" stroke-dashoffset=\"0\"><!--Generated by the Batik Graphics2D SVG Generator--><defs id=\"genericDefs\"/><g><g shape-rendering=\"geometricPrecision\" text-rendering=\"optimizeQuality\" stroke-width=\"2\"><line y2=\"41\" fill=\"none\" x1=\"250\" x2=\"338\" y1=\"41\"/><polygon fill=\"none\" points=\" 336 39 336 43 340 41\"/><polygon points=\" 336 39 336 43 340 41\" stroke=\"none\"/></g></g></g><g fill-opacity=\"1\" color-rendering=\"auto\" color-interpolation=\"auto\" text-rendering=\"auto\" stroke=\"black\" stroke-linecap=\"square\" stroke-miterlimit=\"10\" shape-rendering=\"auto\" stroke-opacity=\"1\" fill=\"black\" stroke-dasharray=\"none\" font-weight=\"normal\" stroke-width=\"1\" font-family=\"\'Dialog\'\" font-style=\"normal\" data-element-id=\"onap.policies.monitoring.cdap.tca.hi.lo.app\" stroke-linejoin=\"miter\" font-size=\"12px\" image-rendering=\"auto\" stroke-dashoffset=\"0\"><!--Generated by the Batik Graphics2D SVG Generator--><defs id=\"genericDefs\"/><g><g shape-rendering=\"geometricPrecision\" text-rendering=\"optimizeQuality\" stroke-width=\"2\"><rect fill=\"none\" x=\"342\" width=\"123\" y=\"1\" height=\"82\"/></g><g fill-opacity=\"0\" fill=\"rgb(0,0,0)\" text-rendering=\"optimizeQuality\" shape-rendering=\"geometricPrecision\" stroke=\"rgb(0,0,0)\" stroke-opacity=\"0\" stroke-width=\"2\"><rect x=\"342\" width=\"123\" y=\"1\" height=\"82\" stroke=\"none\"/></g><g text-rendering=\"optimizeQuality\" stroke-width=\"2\" shape-rendering=\"geometricPrecision\" font-family=\"sans-serif\"><text x=\"393\" xml:space=\"preserve\" y=\"46.5\" stroke=\"none\">app</text><line y2=\"61\" fill=\"none\" x1=\"342\" x2=\"465\" y1=\"61\"/></g></g></g><g fill-opacity=\"1\" color-rendering=\"auto\" color-interpolation=\"auto\" text-rendering=\"auto\" stroke=\"black\" stroke-linecap=\"square\" stroke-miterlimit=\"10\" shape-rendering=\"auto\" stroke-opacity=\"1\" fill=\"black\" stroke-dasharray=\"none\" font-weight=\"normal\" stroke-width=\"1\" font-family=\"\'Dialog\'\" font-style=\"normal\" data-element-id=\"Arrow-1669e5fa-7be9-47ca-a5af-a5b8fad05166\" stroke-linejoin=\"miter\" font-size=\"12px\" image-rendering=\"auto\" stroke-dashoffset=\"0\"><!--Generated by the Batik Graphics2D SVG Generator--><defs id=\"genericDefs\"/><g><g shape-rendering=\"geometricPrecision\" text-rendering=\"optimizeQuality\" stroke-width=\"2\"><line y2=\"41\" fill=\"none\" x1=\"465\" x2=\"553\" y1=\"41\"/><polygon fill=\"none\" points=\" 551 39 551 43 555 41\"/><polygon points=\" 551 39 551 43 555 41\" stroke=\"none\"/></g></g></g><g fill-opacity=\"1\" color-rendering=\"auto\" color-interpolation=\"auto\" text-rendering=\"auto\" stroke=\"black\" stroke-linecap=\"square\" stroke-miterlimit=\"10\" shape-rendering=\"auto\" stroke-opacity=\"1\" fill=\"black\" stroke-dasharray=\"none\" font-weight=\"normal\" stroke-width=\"1\" font-family=\"\'Dialog\'\" font-style=\"normal\" data-element-id=\"stop-circle\" stroke-linejoin=\"miter\" font-size=\"12px\" image-rendering=\"auto\" stroke-dashoffset=\"0\"><!--Generated by the Batik Graphics2D SVG Generator--><defs id=\"genericDefs\"/><g><g shape-rendering=\"geometricPrecision\" text-rendering=\"optimizeQuality\" stroke-width=\"4\"><circle fill=\"none\" r=\"17\" cx=\"574\" cy=\"41\"/></g></g></g></svg>',1,'63cac700-ab9a-4115-a74f-7eac85e3fce0');
INSERT INTO `loop_templates` VALUES ('LOOP_TEMPLATE_klciS_v1_0_ResourceInstanceName1_tca_3','Not found','2020-04-16 16:48:51.732987','Not found','2020-04-16 16:48:51.732987','CLOSED','#\n# ============LICENSE_START====================================================\n# =============================================================================\n# Copyright (c) 2019 AT&T Intellectual Property. All rights reserved.\n# =============================================================================\n# Licensed under the Apache License, Version 2.0 (the \"License\");\n# you may not use this file except in compliance with the License.\n# You may obtain a copy of the License at\n#\n#      http://www.apache.org/licenses/LICENSE-2.0\n#\n# Unless required by applicable law or agreed to in writing, software\n# distributed under the License is distributed on an \"AS IS\" BASIS,\n# WITHOUT WARRANTIES OR CONDITIONS OF ANY KIND, either express or implied.\n# See the License for the specific language governing permissions and\n# limitations under the License.\n# ============LICENSE_END======================================================\n\ntosca_definitions_version: cloudify_dsl_1_3\n\ndescription: >\n  This blueprint deploys/manages the TCA module as a Docker container\n\nimports:\n  - https://www.getcloudify.org/spec/cloudify/4.5.5/types.yaml\n  - \"https://nexus.onap.org/service/local/repositories/raw/content/org.onap.dcaegen2.platform.plugins/R6/k8splugin/1.7.2/k8splugin_types.yaml\"\n  - \"https://nexus.onap.org/service/local/repositories/raw/content/org.onap.dcaegen2.platform.plugins/R6/clamppolicyplugin/1.1.0/clamppolicyplugin_types.yaml\"\ninputs:\n  aaiEnrichmentHost:\n    type: string\n    default: \"aai.onap.svc.cluster.local\"\n  aaiEnrichmentPort:\n    type: string\n    default: \"8443\"\n  enableAAIEnrichment:\n    type: string\n    default: \"true\"\n  dmaap_host:\n    type: string\n    default: \"message-router.onap.svc.cluster.local\"\n  dmaap_port:\n    type: string\n    default: \"3904\"\n  enableRedisCaching:\n    type: string\n    default: \"false\"\n  redisHosts:\n    type: string\n    default: \"dcae-redis.onap.svc.cluster.local:6379\"\n  tag_version:\n    type: string\n    default: \"nexus3.onap.org:10001/onap/org.onap.dcaegen2.deployments.tca-cdap-container:1.2.2\"\n  consul_host:\n    type: string\n    default: \"consul-server.onap\"\n  consul_port:\n    type: string\n    default: \"8500\"\n  cbs_host:\n    type: string\n    default: \"config-binding-service\"\n  cbs_port:\n    type: string\n    default: \"10000\"\n  policy_id:\n    type: string\n    default: \"onap.restart.tca\"\n  external_port:\n    type: string\n    description: Kubernetes node port on which CDAPgui is exposed\n    default: \"32012\"\n  policy_model_id:\n    type: string\n    default: \"onap.policies.monitoring.cdap.tca.hi.lo.app\"\nnode_templates:\n  tca_k8s:\n    type: dcae.nodes.ContainerizedServiceComponent\n    relationships:\n      - target: tca_policy\n        type: cloudify.relationships.depends_on\n    properties:\n      service_component_type: \'dcaegen2-analytics-tca\'\n      application_config: {}\n      docker_config: {}\n      image:\n        get_input: tag_version\n      log_info:\n        log_directory: \"/opt/app/TCAnalytics/logs\"\n      application_config:\n        app_config:\n          appDescription: DCAE Analytics Threshold Crossing Alert Application\n          appName: dcae-tca\n          tcaAlertsAbatementTableName: TCAAlertsAbatementTable\n          tcaAlertsAbatementTableTTLSeconds: \'1728000\'\n          tcaSubscriberOutputStreamName: TCASubscriberOutputStream\n          tcaVESAlertsTableName: TCAVESAlertsTable\n          tcaVESAlertsTableTTLSeconds: \'1728000\'\n          tcaVESMessageStatusTableName: TCAVESMessageStatusTable\n          tcaVESMessageStatusTableTTLSeconds: \'86400\'\n          thresholdCalculatorFlowletInstances: \'2\'\n        app_preferences:\n          aaiEnrichmentHost:\n            get_input: aaiEnrichmentHost\n          aaiEnrichmentIgnoreSSLCertificateErrors: \'true\'\n          aaiEnrichmentPortNumber: \'8443\'\n          aaiEnrichmentProtocol: https\n          aaiEnrichmentUserName: dcae@dcae.onap.org\n          aaiEnrichmentUserPassword: demo123456!\n          aaiVMEnrichmentAPIPath: /aai/v11/search/nodes-query\n          aaiVNFEnrichmentAPIPath: /aai/v11/network/generic-vnfs/generic-vnf\n          enableAAIEnrichment:\n            get_input: enableAAIEnrichment\n          enableRedisCaching:\n            get_input: enableRedisCaching\n          redisHosts:\n            get_input: redisHosts\n          enableAlertCEFFormat: \'false\'\n          publisherContentType: application/json\n          publisherHostName:\n            get_input: dmaap_host\n          publisherHostPort:\n            get_input: dmaap_port\n          publisherMaxBatchSize: \'1\'\n          publisherMaxRecoveryQueueSize: \'100000\'\n          publisherPollingInterval: \'20000\'\n          publisherProtocol: http\n          publisherTopicName: unauthenticated.DCAE_CL_OUTPUT\n          subscriberConsumerGroup: OpenDCAE-clamp\n          subscriberConsumerId: c12\n          subscriberContentType: application/json\n          subscriberHostName:\n            get_input: dmaap_host\n          subscriberHostPort:\n            get_input: dmaap_port\n          subscriberMessageLimit: \'-1\'\n          subscriberPollingInterval: \'30000\'\n          subscriberProtocol: http\n          subscriberTimeoutMS: \'-1\'\n          subscriberTopicName: unauthenticated.VES_MEASUREMENT_OUTPUT\n          #tca_policy: \'{\"domain\":\"measurementsForVfScaling\",\"metricsPerEventName\":[{\"eventName\":\"vFirewallBroadcastPackets\",\"controlLoopSchemaType\":\"VM\",\"policyScope\":\"DCAE\",\"policyName\":\"DCAE.Config_tca-hi-lo\",\"policyVersion\":\"v0.0.1\",\"thresholds\":[{\"closedLoopControlName\":\"ControlLoop-vFirewall-d0a1dfc6-94f5-4fd4-a5b5-4630b438850a\",\"version\":\"1.0.2\",\"fieldPath\":\"$.event.measurementsForVfScalingFields.vNicPerformanceArray[*].receivedTotalPacketsDelta\",\"thresholdValue\":300,\"direction\":\"LESS_OR_EQUAL\",\"severity\":\"MAJOR\",\"closedLoopEventStatus\":\"ONSET\"},{\"closedLoopControlName\":\"ControlLoop-vFirewall-d0a1dfc6-94f5-4fd4-a5b5-4630b438850a\",\"version\":\"1.0.2\",\"fieldPath\":\"$.event.measurementsForVfScalingFields.vNicPerformanceArray[*].receivedTotalPacketsDelta\",\"thresholdValue\":700,\"direction\":\"GREATER_OR_EQUAL\",\"severity\":\"CRITICAL\",\"closedLoopEventStatus\":\"ONSET\"}]},{\"eventName\":\"vLoadBalancer\",\"controlLoopSchemaType\":\"VM\",\"policyScope\":\"DCAE\",\"policyName\":\"DCAE.Config_tca-hi-lo\",\"policyVersion\":\"v0.0.1\",\"thresholds\":[{\"closedLoopControlName\":\"ControlLoop-vDNS-6f37f56d-a87d-4b85-b6a9-cc953cf779b3\",\"version\":\"1.0.2\",\"fieldPath\":\"$.event.measurementsForVfScalingFields.vNicPerformanceArray[*].receivedTotalPacketsDelta\",\"thresholdValue\":300,\"direction\":\"GREATER_OR_EQUAL\",\"severity\":\"CRITICAL\",\"closedLoopEventStatus\":\"ONSET\"}]},{\"eventName\":\"Measurement_vGMUX\",\"controlLoopSchemaType\":\"VNF\",\"policyScope\":\"DCAE\",\"policyName\":\"DCAE.Config_tca-hi-lo\",\"policyVersion\":\"v0.0.1\",\"thresholds\":[{\"closedLoopControlName\":\"ControlLoop-vCPE-48f0c2c3-a172-4192-9ae3-052274181b6e\",\"version\":\"1.0.2\",\"fieldPath\":\"$.event.measurementsForVfScalingFields.additionalMeasurements[*].arrayOfFields[0].value\",\"thresholdValue\":0,\"direction\":\"EQUAL\",\"severity\":\"MAJOR\",\"closedLoopEventStatus\":\"ABATED\"},{\"closedLoopControlName\":\"ControlLoop-vCPE-48f0c2c3-a172-4192-9ae3-052274181b6e\",\"version\":\"1.0.2\",\"fieldPath\":\"$.event.measurementsForVfScalingFields.additionalMeasurements[*].arrayOfFields[0].value\",\"thresholdValue\":0,\"direction\":\"GREATER\",\"severity\":\"CRITICAL\",\"closedLoopEventStatus\":\"ONSET\"}]}]}\'\n          tca_policy: \'\'\n      service_component_type: dcaegen2-analytics_tca\n    interfaces:\n      cloudify.interfaces.lifecycle:\n        start:\n          inputs:\n            envs:\n              DMAAPHOST:\n                { get_input: dmaap_host }\n              DMAAPPORT: \"3904\"\n              DMAAPPUBTOPIC: \"unauthenticated.DCAE_CL_OUTPUT\"\n              DMAAPSUBTOPIC: \"unauthenticated.VES_MEASUREMENT_OUTPUT\"\n              AAIHOST:\n                { get_input: aaiEnrichmentHost }\n              AAIPORT: \"8443\"\n              CONSUL_HOST:\n                { get_input: consul_host }\n              CONSUL_PORT: \"8500\"\n              CBS_HOST:\n                { get_input: cbs_host }\n              CBS_PORT: \"10000\"\n              CONFIG_BINDING_SERVICE: \"config_binding_service\"\n            ports:\n              - concat: [\"11011:\", { get_input: external_port }]\n  tca_policy:\n    type: clamp.nodes.policy\n    properties:\n      policy_id:\n        get_input: policy_id\n      policy_model_id:\n        get_input: policy_model_id\n','typeId-75023c2f-2850-48b2-b51a-7c8cf3698fe1',0,'<svg xmlns=\"http://www.w3.org/2000/svg\"><g fill-opacity=\"1\" color-rendering=\"auto\" color-interpolation=\"auto\" text-rendering=\"auto\" stroke=\"black\" stroke-linecap=\"square\" stroke-miterlimit=\"10\" shape-rendering=\"auto\" stroke-opacity=\"1\" fill=\"black\" stroke-dasharray=\"none\" font-weight=\"normal\" stroke-width=\"1\" font-family=\"\'Dialog\'\" font-style=\"normal\" data-element-id=\"start-circle\" stroke-linejoin=\"miter\" font-size=\"12px\" image-rendering=\"auto\" stroke-dashoffset=\"0\"><!--Generated by the Batik Graphics2D SVG Generator--><defs id=\"genericDefs\"/><g><g shape-rendering=\"geometricPrecision\" text-rendering=\"optimizeQuality\" stroke-width=\"2\"><circle fill=\"none\" r=\"17\" cx=\"18\" cy=\"41\"/></g></g></g><g fill-opacity=\"1\" color-rendering=\"auto\" color-interpolation=\"auto\" text-rendering=\"auto\" stroke=\"black\" stroke-linecap=\"square\" stroke-miterlimit=\"10\" shape-rendering=\"auto\" stroke-opacity=\"1\" fill=\"black\" stroke-dasharray=\"none\" font-weight=\"normal\" stroke-width=\"1\" font-family=\"\'Dialog\'\" font-style=\"normal\" data-element-id=\"Arrow-13ff2cee-7a6c-4f0d-b655-334e868b7fab\" stroke-linejoin=\"miter\" font-size=\"12px\" image-rendering=\"auto\" stroke-dashoffset=\"0\"><!--Generated by the Batik Graphics2D SVG Generator--><defs id=\"genericDefs\"/><g><g shape-rendering=\"geometricPrecision\" text-rendering=\"optimizeQuality\" stroke-width=\"2\"><line y2=\"41\" fill=\"none\" x1=\"35\" x2=\"123\" y1=\"41\"/><polygon fill=\"none\" points=\" 121 39 121 43 125 41\"/><polygon points=\" 121 39 121 43 125 41\" stroke=\"none\"/></g></g></g><g fill-opacity=\"1\" color-rendering=\"auto\" color-interpolation=\"auto\" text-rendering=\"auto\" stroke=\"black\" stroke-linecap=\"square\" stroke-miterlimit=\"10\" shape-rendering=\"auto\" stroke-opacity=\"1\" fill=\"black\" stroke-dasharray=\"none\" font-weight=\"normal\" stroke-width=\"1\" font-family=\"\'Dialog\'\" font-style=\"normal\" data-element-id=\"VES\" stroke-linejoin=\"miter\" font-size=\"12px\" image-rendering=\"auto\" stroke-dashoffset=\"0\"><!--Generated by the Batik Graphics2D SVG Generator--><defs id=\"genericDefs\"/><g><g shape-rendering=\"geometricPrecision\" text-rendering=\"optimizeQuality\" stroke-width=\"2\"><rect fill=\"none\" x=\"127\" width=\"123\" y=\"1\" height=\"82\"/></g><g fill-opacity=\"0\" fill=\"rgb(0,0,0)\" text-rendering=\"optimizeQuality\" shape-rendering=\"geometricPrecision\" stroke=\"rgb(0,0,0)\" stroke-opacity=\"0\" stroke-width=\"2\"><rect x=\"127\" width=\"123\" y=\"1\" height=\"82\" stroke=\"none\"/></g><g text-rendering=\"optimizeQuality\" stroke-width=\"2\" shape-rendering=\"geometricPrecision\" font-family=\"sans-serif\"><text x=\"177.5\" xml:space=\"preserve\" y=\"46.5\" stroke=\"none\">VES</text><line y2=\"83\" fill=\"none\" x1=\"147\" x2=\"147\" y1=\"1\"/></g></g></g><g fill-opacity=\"1\" color-rendering=\"auto\" color-interpolation=\"auto\" text-rendering=\"auto\" stroke=\"black\" stroke-linecap=\"square\" stroke-miterlimit=\"10\" shape-rendering=\"auto\" stroke-opacity=\"1\" fill=\"black\" stroke-dasharray=\"none\" font-weight=\"normal\" stroke-width=\"1\" font-family=\"\'Dialog\'\" font-style=\"normal\" data-element-id=\"Arrow-11daba5e-17a5-4129-8fea-20873a8b3745\" stroke-linejoin=\"miter\" font-size=\"12px\" image-rendering=\"auto\" stroke-dashoffset=\"0\"><!--Generated by the Batik Graphics2D SVG Generator--><defs id=\"genericDefs\"/><g><g shape-rendering=\"geometricPrecision\" text-rendering=\"optimizeQuality\" stroke-width=\"2\"><line y2=\"41\" fill=\"none\" x1=\"250\" x2=\"338\" y1=\"41\"/><polygon fill=\"none\" points=\" 336 39 336 43 340 41\"/><polygon points=\" 336 39 336 43 340 41\" stroke=\"none\"/></g></g></g><g fill-opacity=\"1\" color-rendering=\"auto\" color-interpolation=\"auto\" text-rendering=\"auto\" stroke=\"black\" stroke-linecap=\"square\" stroke-miterlimit=\"10\" shape-rendering=\"auto\" stroke-opacity=\"1\" fill=\"black\" stroke-dasharray=\"none\" font-weight=\"normal\" stroke-width=\"1\" font-family=\"\'Dialog\'\" font-style=\"normal\" data-element-id=\"onap.policies.monitoring.cdap.tca.hi.lo.app\" stroke-linejoin=\"miter\" font-size=\"12px\" image-rendering=\"auto\" stroke-dashoffset=\"0\"><!--Generated by the Batik Graphics2D SVG Generator--><defs id=\"genericDefs\"/><g><g shape-rendering=\"geometricPrecision\" text-rendering=\"optimizeQuality\" stroke-width=\"2\"><rect fill=\"none\" x=\"342\" width=\"123\" y=\"1\" height=\"82\"/></g><g fill-opacity=\"0\" fill=\"rgb(0,0,0)\" text-rendering=\"optimizeQuality\" shape-rendering=\"geometricPrecision\" stroke=\"rgb(0,0,0)\" stroke-opacity=\"0\" stroke-width=\"2\"><rect x=\"342\" width=\"123\" y=\"1\" height=\"82\" stroke=\"none\"/></g><g text-rendering=\"optimizeQuality\" stroke-width=\"2\" shape-rendering=\"geometricPrecision\" font-family=\"sans-serif\"><text x=\"393\" xml:space=\"preserve\" y=\"46.5\" stroke=\"none\">app</text><line y2=\"61\" fill=\"none\" x1=\"342\" x2=\"465\" y1=\"61\"/></g></g></g><g fill-opacity=\"1\" color-rendering=\"auto\" color-interpolation=\"auto\" text-rendering=\"auto\" stroke=\"black\" stroke-linecap=\"square\" stroke-miterlimit=\"10\" shape-rendering=\"auto\" stroke-opacity=\"1\" fill=\"black\" stroke-dasharray=\"none\" font-weight=\"normal\" stroke-width=\"1\" font-family=\"\'Dialog\'\" font-style=\"normal\" data-element-id=\"Arrow-0579c356-e682-4256-950d-993ba644b593\" stroke-linejoin=\"miter\" font-size=\"12px\" image-rendering=\"auto\" stroke-dashoffset=\"0\"><!--Generated by the Batik Graphics2D SVG Generator--><defs id=\"genericDefs\"/><g><g shape-rendering=\"geometricPrecision\" text-rendering=\"optimizeQuality\" stroke-width=\"2\"><line y2=\"41\" fill=\"none\" x1=\"465\" x2=\"553\" y1=\"41\"/><polygon fill=\"none\" points=\" 551 39 551 43 555 41\"/><polygon points=\" 551 39 551 43 555 41\" stroke=\"none\"/></g></g></g><g fill-opacity=\"1\" color-rendering=\"auto\" color-interpolation=\"auto\" text-rendering=\"auto\" stroke=\"black\" stroke-linecap=\"square\" stroke-miterlimit=\"10\" shape-rendering=\"auto\" stroke-opacity=\"1\" fill=\"black\" stroke-dasharray=\"none\" font-weight=\"normal\" stroke-width=\"1\" font-family=\"\'Dialog\'\" font-style=\"normal\" data-element-id=\"stop-circle\" stroke-linejoin=\"miter\" font-size=\"12px\" image-rendering=\"auto\" stroke-dashoffset=\"0\"><!--Generated by the Batik Graphics2D SVG Generator--><defs id=\"genericDefs\"/><g><g shape-rendering=\"geometricPrecision\" text-rendering=\"optimizeQuality\" stroke-width=\"4\"><circle fill=\"none\" r=\"17\" cx=\"574\" cy=\"41\"/></g></g></g></svg>',1,'63cac700-ab9a-4115-a74f-7eac85e3fce0');
INSERT INTO `loop_templates` VALUES ('LOOP_TEMPLATE_klciS_v1_0_ResourceInstanceName2_tca_2','Not found','2020-04-16 16:48:50.910670','Not found','2020-04-16 16:48:50.910670','CLOSED','#\n# ============LICENSE_START====================================================\n# =============================================================================\n# Copyright (c) 2019 AT&T Intellectual Property. All rights reserved.\n# =============================================================================\n# Licensed under the Apache License, Version 2.0 (the \"License\");\n# you may not use this file except in compliance with the License.\n# You may obtain a copy of the License at\n#\n#      http://www.apache.org/licenses/LICENSE-2.0\n#\n# Unless required by applicable law or agreed to in writing, software\n# distributed under the License is distributed on an \"AS IS\" BASIS,\n# WITHOUT WARRANTIES OR CONDITIONS OF ANY KIND, either express or implied.\n# See the License for the specific language governing permissions and\n# limitations under the License.\n# ============LICENSE_END======================================================\n\ntosca_definitions_version: cloudify_dsl_1_3\n\ndescription: >\n  This blueprint deploys/manages the TCA module as a Docker container\n\nimports:\n  - http://www.getcloudify.org/spec/cloudify/3.4/types.yaml\n  - https://nexus.onap.org/service/local/repositories/raw/content/org.onap.dcaegen2.platform.plugins/R4/k8splugin/1.4.12/k8splugin_types.yaml\n#  - https://nexus.onap.org/service/local/repositories/raw/content/org.onap.dcaegen2.platform.plugins/R4/dcaepolicyplugin/2.3.0/dcaepolicyplugin_types.yaml\n  - https://nexus.onap.org/service/local/repositories/raw/content/org.onap.dcaegen2.platform.plugins/R4/clamppolicyplugin/1.0.0/clamppolicyplugin_types.yaml\ninputs:\n  aaiEnrichmentHost:\n    type: string\n    default: \"aai.onap.svc.cluster.local\"\n  aaiEnrichmentPort:\n    type: string\n    default: \"8443\"\n  enableAAIEnrichment:\n    type: string\n    default: true\n  dmaap_host:\n    type: string\n    default: message-router.onap\n  dmaap_port:\n    type: string\n    default: \"3904\"\n  enableRedisCaching:\n    type: string\n    default: false\n  redisHosts:\n    type: string\n    default: dcae-redis.onap.svc.cluster.local:6379\n  tag_version:\n    type: string\n    default: \"nexus3.onap.org:10001/onap/org.onap.dcaegen2.deployments.tca-cdap-container:1.1.1\"\n  consul_host:\n    type: string\n    default: consul-server.onap\n  consul_port:\n    type: string\n    default: \"8500\"\n  cbs_host:\n    type: string\n    default: \"config-binding-servicel\"\n  cbs_port:\n    type: string\n    default: \"10000\"\n  policy_id:\n    type: string\n    default: \"onap.restart.tca\"\n  external_port:\n    type: string\n    description: Kubernetes node port on which CDAPgui is exposed\n    default: \"32012\"\n  policy_model_id:\n    type: string\n    default: \"onap.policies.monitoring.cdap.tca.hi.lo.app\"\nnode_templates:\n  tca_k8s:\n    type: dcae.nodes.ContainerizedServiceComponent\n    relationships:\n      - target: tca_policy\n        type: cloudify.relationships.depends_on\n    properties:\n        service_component_type: \'dcaegen2-analytics-tca\'\n        application_config: {}\n        docker_config: {}\n        image:\n          get_input: tag_version\n        log_info:\n          log_directory: \"/opt/app/TCAnalytics/logs\"\n        application_config:\n            app_config:\n                appDescription: DCAE Analytics Threshold Crossing Alert Application\n                appName: dcae-tca\n                tcaAlertsAbatementTableName: TCAAlertsAbatementTable\n                tcaAlertsAbatementTableTTLSeconds: \'1728000\'\n                tcaSubscriberOutputStreamName: TCASubscriberOutputStream\n                tcaVESAlertsTableName: TCAVESAlertsTable\n                tcaVESAlertsTableTTLSeconds: \'1728000\'\n                tcaVESMessageStatusTableName: TCAVESMessageStatusTable\n                tcaVESMessageStatusTableTTLSeconds: \'86400\'\n                thresholdCalculatorFlowletInstances: \'2\'\n            app_preferences:\n                aaiEnrichmentHost:\n                    get_input: aaiEnrichmentHost\n                aaiEnrichmentIgnoreSSLCertificateErrors: \'true\'\n                aaiEnrichmentPortNumber: \'8443\'\n                aaiEnrichmentProtocol: https\n                aaiEnrichmentUserName: dcae@dcae.onap.org\n                aaiEnrichmentUserPassword: demo123456!\n                aaiVMEnrichmentAPIPath: /aai/v11/search/nodes-query\n                aaiVNFEnrichmentAPIPath: /aai/v11/network/generic-vnfs/generic-vnf\n                enableAAIEnrichment:\n                    get_input: enableAAIEnrichment\n                enableRedisCaching:\n                    get_input: enableRedisCaching\n                redisHosts:\n                    get_input: redisHosts\n                enableAlertCEFFormat: \'false\'\n                publisherContentType: application/json\n                publisherHostName:\n                    get_input: dmaap_host\n                publisherHostPort:\n                    get_input: dmaap_port\n                publisherMaxBatchSize: \'1\'\n                publisherMaxRecoveryQueueSize: \'100000\'\n                publisherPollingInterval: \'20000\'\n                publisherProtocol: http\n                publisherTopicName: unauthenticated.DCAE_CL_OUTPUT\n                subscriberConsumerGroup: OpenDCAE-clamp\n                subscriberConsumerId: c12\n                subscriberContentType: application/json\n                subscriberHostName:\n                    get_input: dmaap_host\n                subscriberHostPort:\n                    get_input: dmaap_port\n                subscriberMessageLimit: \'-1\'\n                subscriberPollingInterval: \'30000\'\n                subscriberProtocol: http\n                subscriberTimeoutMS: \'-1\'\n                subscriberTopicName: unauthenticated.VES_MEASUREMENT_OUTPUT\n#                tca_policy: \'{\"domain\":\"measurementsForVfScaling\",\"metricsPerEventName\":[{\"eventName\":\"vFirewallBroadcastPackets\",\"controlLoopSchemaType\":\"VNF\",\"policyScope\":\"DCAE\",\"policyName\":\"DCAE.Config_tca-hi-lo\",\"policyVersion\":\"v0.0.1\",\"thresholds\":[{\"closedLoopControlName\":\"ControlLoop-vFirewall-d0a1dfc6-94f5-4fd4-a5b5-4630b438850a\",\"version\":\"1.0.2\",\"fieldPath\":\"$.event.measurementsForVfScalingFields.vNicPerformanceArray[*].receivedTotalPacketsDelta\",\"thresholdValue\":300,\"direction\":\"LESS_OR_EQUAL\",\"severity\":\"MAJOR\",\"closedLoopEventStatus\":\"ONSET\"},{\"closedLoopControlName\":\"ControlLoop-vFirewall-d0a1dfc6-94f5-4fd4-a5b5-4630b438850a\",\"version\":\"1.0.2\",\"fieldPath\":\"$.event.measurementsForVfScalingFields.vNicPerformanceArray[*].receivedTotalPacketsDelta\",\"thresholdValue\":700,\"direction\":\"GREATER_OR_EQUAL\",\"severity\":\"CRITICAL\",\"closedLoopEventStatus\":\"ONSET\"}]},{\"eventName\":\"vLoadBalancer\",\"controlLoopSchemaType\":\"VM\",\"policyScope\":\"DCAE\",\"policyName\":\"DCAE.Config_tca-hi-lo\",\"policyVersion\":\"v0.0.1\",\"thresholds\":[{\"closedLoopControlName\":\"ControlLoop-vDNS-6f37f56d-a87d-4b85-b6a9-cc953cf779b3\",\"version\":\"1.0.2\",\"fieldPath\":\"$.event.measurementsForVfScalingFields.vNicPerformanceArray[*].receivedTotalPacketsDelta\",\"thresholdValue\":300,\"direction\":\"GREATER_OR_EQUAL\",\"severity\":\"CRITICAL\",\"closedLoopEventStatus\":\"ONSET\"}]},{\"eventName\":\"Measurement_vGMUX\",\"controlLoopSchemaType\":\"VNF\",\"policyScope\":\"DCAE\",\"policyName\":\"DCAE.Config_tca-hi-lo\",\"policyVersion\":\"v0.0.1\",\"thresholds\":[{\"closedLoopControlName\":\"ControlLoop-vCPE-48f0c2c3-a172-4192-9ae3-052274181b6e\",\"version\":\"1.0.2\",\"fieldPath\":\"$.event.measurementsForVfScalingFields.additionalMeasurements[*].arrayOfFields[0].value\",\"thresholdValue\":0,\"direction\":\"EQUAL\",\"severity\":\"MAJOR\",\"closedLoopEventStatus\":\"ABATED\"},{\"closedLoopControlName\":\"ControlLoop-vCPE-48f0c2c3-a172-4192-9ae3-052274181b6e\",\"version\":\"1.0.2\",\"fieldPath\":\"$.event.measurementsForVfScalingFields.additionalMeasurements[*].arrayOfFields[0].value\",\"thresholdValue\":0,\"direction\":\"GREATER\",\"severity\":\"CRITICAL\",\"closedLoopEventStatus\":\"ONSET\"}]}]}\'\n        service_component_type: dcaegen2-analytics_tca\n    interfaces:\n      cloudify.interfaces.lifecycle:\n        start:\n          inputs:\n            envs:\n                DMAAPHOST:\n                    { get_input: dmaap_host }\n                DMAAPPORT:\n                    { get_input: dmaap_port }\n                DMAAPPUBTOPIC: \"unauthenticated.DCAE_CL_OUTPUT\"\n                DMAAPSUBTOPIC: \"unauthenticated.VES_MEASUREMENT_OUTPUT\"\n                AAIHOST:\n                    { get_input: aaiEnrichmentHost }\n                AAIPORT:\n                    { get_input: aaiEnrichmentPort }\n                CONSUL_HOST:\n                    { get_input: consul_host }\n                CONSUL_PORT:\n                    { get_input: consul_port }\n                CBS_HOST:\n                    { get_input: cbs_host }\n                CBS_PORT:\n                    { get_input: cbs_port }\n                CONFIG_BINDING_SERVICE: \"config_binding_service\"\n            ports:\n              - concat: [\"11011:\", { get_input: external_port }]\n  tca_policy:\n    type: clamp.nodes.policy\n    properties:\n      policy_id:\n           get_input: policy_id\n      policy_model_id: \"onap.policies.monitoring.cdap.tca.hi.lo.app\"\n','typeId-7b161f95-fe7e-4e2c-8f32-fd6abd7c2e0b',0,'<svg xmlns=\"http://www.w3.org/2000/svg\"><g fill-opacity=\"1\" color-rendering=\"auto\" color-interpolation=\"auto\" text-rendering=\"auto\" stroke=\"black\" stroke-linecap=\"square\" stroke-miterlimit=\"10\" shape-rendering=\"auto\" stroke-opacity=\"1\" fill=\"black\" stroke-dasharray=\"none\" font-weight=\"normal\" stroke-width=\"1\" font-family=\"\'Dialog\'\" font-style=\"normal\" data-element-id=\"start-circle\" stroke-linejoin=\"miter\" font-size=\"12px\" image-rendering=\"auto\" stroke-dashoffset=\"0\"><!--Generated by the Batik Graphics2D SVG Generator--><defs id=\"genericDefs\"/><g><g shape-rendering=\"geometricPrecision\" text-rendering=\"optimizeQuality\" stroke-width=\"2\"><circle fill=\"none\" r=\"17\" cx=\"18\" cy=\"41\"/></g></g></g><g fill-opacity=\"1\" color-rendering=\"auto\" color-interpolation=\"auto\" text-rendering=\"auto\" stroke=\"black\" stroke-linecap=\"square\" stroke-miterlimit=\"10\" shape-rendering=\"auto\" stroke-opacity=\"1\" fill=\"black\" stroke-dasharray=\"none\" font-weight=\"normal\" stroke-width=\"1\" font-family=\"\'Dialog\'\" font-style=\"normal\" data-element-id=\"Arrow-27aa40aa-842c-477e-91ae-e3561cece8b7\" stroke-linejoin=\"miter\" font-size=\"12px\" image-rendering=\"auto\" stroke-dashoffset=\"0\"><!--Generated by the Batik Graphics2D SVG Generator--><defs id=\"genericDefs\"/><g><g shape-rendering=\"geometricPrecision\" text-rendering=\"optimizeQuality\" stroke-width=\"2\"><line y2=\"41\" fill=\"none\" x1=\"35\" x2=\"123\" y1=\"41\"/><polygon fill=\"none\" points=\" 121 39 121 43 125 41\"/><polygon points=\" 121 39 121 43 125 41\" stroke=\"none\"/></g></g></g><g fill-opacity=\"1\" color-rendering=\"auto\" color-interpolation=\"auto\" text-rendering=\"auto\" stroke=\"black\" stroke-linecap=\"square\" stroke-miterlimit=\"10\" shape-rendering=\"auto\" stroke-opacity=\"1\" fill=\"black\" stroke-dasharray=\"none\" font-weight=\"normal\" stroke-width=\"1\" font-family=\"\'Dialog\'\" font-style=\"normal\" data-element-id=\"VES\" stroke-linejoin=\"miter\" font-size=\"12px\" image-rendering=\"auto\" stroke-dashoffset=\"0\"><!--Generated by the Batik Graphics2D SVG Generator--><defs id=\"genericDefs\"/><g><g shape-rendering=\"geometricPrecision\" text-rendering=\"optimizeQuality\" stroke-width=\"2\"><rect fill=\"none\" x=\"127\" width=\"123\" y=\"1\" height=\"82\"/></g><g fill-opacity=\"0\" fill=\"rgb(0,0,0)\" text-rendering=\"optimizeQuality\" shape-rendering=\"geometricPrecision\" stroke=\"rgb(0,0,0)\" stroke-opacity=\"0\" stroke-width=\"2\"><rect x=\"127\" width=\"123\" y=\"1\" height=\"82\" stroke=\"none\"/></g><g text-rendering=\"optimizeQuality\" stroke-width=\"2\" shape-rendering=\"geometricPrecision\" font-family=\"sans-serif\"><text x=\"177.5\" xml:space=\"preserve\" y=\"46.5\" stroke=\"none\">VES</text><line y2=\"83\" fill=\"none\" x1=\"147\" x2=\"147\" y1=\"1\"/></g></g></g><g fill-opacity=\"1\" color-rendering=\"auto\" color-interpolation=\"auto\" text-rendering=\"auto\" stroke=\"black\" stroke-linecap=\"square\" stroke-miterlimit=\"10\" shape-rendering=\"auto\" stroke-opacity=\"1\" fill=\"black\" stroke-dasharray=\"none\" font-weight=\"normal\" stroke-width=\"1\" font-family=\"\'Dialog\'\" font-style=\"normal\" data-element-id=\"Arrow-3ae5c2f3-a82f-40c0-b2bc-cfed2a6597ae\" stroke-linejoin=\"miter\" font-size=\"12px\" image-rendering=\"auto\" stroke-dashoffset=\"0\"><!--Generated by the Batik Graphics2D SVG Generator--><defs id=\"genericDefs\"/><g><g shape-rendering=\"geometricPrecision\" text-rendering=\"optimizeQuality\" stroke-width=\"2\"><line y2=\"41\" fill=\"none\" x1=\"250\" x2=\"338\" y1=\"41\"/><polygon fill=\"none\" points=\" 336 39 336 43 340 41\"/><polygon points=\" 336 39 336 43 340 41\" stroke=\"none\"/></g></g></g><g fill-opacity=\"1\" color-rendering=\"auto\" color-interpolation=\"auto\" text-rendering=\"auto\" stroke=\"black\" stroke-linecap=\"square\" stroke-miterlimit=\"10\" shape-rendering=\"auto\" stroke-opacity=\"1\" fill=\"black\" stroke-dasharray=\"none\" font-weight=\"normal\" stroke-width=\"1\" font-family=\"\'Dialog\'\" font-style=\"normal\" data-element-id=\"onap.policies.monitoring.cdap.tca.hi.lo.app\" stroke-linejoin=\"miter\" font-size=\"12px\" image-rendering=\"auto\" stroke-dashoffset=\"0\"><!--Generated by the Batik Graphics2D SVG Generator--><defs id=\"genericDefs\"/><g><g shape-rendering=\"geometricPrecision\" text-rendering=\"optimizeQuality\" stroke-width=\"2\"><rect fill=\"none\" x=\"342\" width=\"123\" y=\"1\" height=\"82\"/></g><g fill-opacity=\"0\" fill=\"rgb(0,0,0)\" text-rendering=\"optimizeQuality\" shape-rendering=\"geometricPrecision\" stroke=\"rgb(0,0,0)\" stroke-opacity=\"0\" stroke-width=\"2\"><rect x=\"342\" width=\"123\" y=\"1\" height=\"82\" stroke=\"none\"/></g><g text-rendering=\"optimizeQuality\" stroke-width=\"2\" shape-rendering=\"geometricPrecision\" font-family=\"sans-serif\"><text x=\"393\" xml:space=\"preserve\" y=\"46.5\" stroke=\"none\">app</text><line y2=\"61\" fill=\"none\" x1=\"342\" x2=\"465\" y1=\"61\"/></g></g></g><g fill-opacity=\"1\" color-rendering=\"auto\" color-interpolation=\"auto\" text-rendering=\"auto\" stroke=\"black\" stroke-linecap=\"square\" stroke-miterlimit=\"10\" shape-rendering=\"auto\" stroke-opacity=\"1\" fill=\"black\" stroke-dasharray=\"none\" font-weight=\"normal\" stroke-width=\"1\" font-family=\"\'Dialog\'\" font-style=\"normal\" data-element-id=\"Arrow-c8912a1e-1851-4dc6-8fb4-14c5a1ac46d9\" stroke-linejoin=\"miter\" font-size=\"12px\" image-rendering=\"auto\" stroke-dashoffset=\"0\"><!--Generated by the Batik Graphics2D SVG Generator--><defs id=\"genericDefs\"/><g><g shape-rendering=\"geometricPrecision\" text-rendering=\"optimizeQuality\" stroke-width=\"2\"><line y2=\"41\" fill=\"none\" x1=\"465\" x2=\"553\" y1=\"41\"/><polygon fill=\"none\" points=\" 551 39 551 43 555 41\"/><polygon points=\" 551 39 551 43 555 41\" stroke=\"none\"/></g></g></g><g fill-opacity=\"1\" color-rendering=\"auto\" color-interpolation=\"auto\" text-rendering=\"auto\" stroke=\"black\" stroke-linecap=\"square\" stroke-miterlimit=\"10\" shape-rendering=\"auto\" stroke-opacity=\"1\" fill=\"black\" stroke-dasharray=\"none\" font-weight=\"normal\" stroke-width=\"1\" font-family=\"\'Dialog\'\" font-style=\"normal\" data-element-id=\"stop-circle\" stroke-linejoin=\"miter\" font-size=\"12px\" image-rendering=\"auto\" stroke-dashoffset=\"0\"><!--Generated by the Batik Graphics2D SVG Generator--><defs id=\"genericDefs\"/><g><g shape-rendering=\"geometricPrecision\" text-rendering=\"optimizeQuality\" stroke-width=\"4\"><circle fill=\"none\" r=\"17\" cx=\"574\" cy=\"41\"/></g></g></g></svg>',1,'63cac700-ab9a-4115-a74f-7eac85e3fce0');
/*!40000 ALTER TABLE `loop_templates` ENABLE KEYS */;
UNLOCK TABLES;

--
-- Dumping data for table `loopelementmodels_to_policymodels`
--

LOCK TABLES `loopelementmodels_to_policymodels` WRITE;
/*!40000 ALTER TABLE `loopelementmodels_to_policymodels` DISABLE KEYS */;
INSERT INTO `loopelementmodels_to_policymodels` VALUES ('onap.policies.monitoring.cdap.tca.hi.lo.app','onap.policies.monitoring.cdap.tca.hi.lo.app','1.0.0');
/*!40000 ALTER TABLE `loopelementmodels_to_policymodels` ENABLE KEYS */;
UNLOCK TABLES;

--
-- Dumping data for table `loops`
--

LOCK TABLES `loops` WRITE;
/*!40000 ALTER TABLE `loops` DISABLE KEYS */;
/*!40000 ALTER TABLE `loops` ENABLE KEYS */;
UNLOCK TABLES;

--
-- Dumping data for table `loops_to_microservicepolicies`
--

LOCK TABLES `loops_to_microservicepolicies` WRITE;
/*!40000 ALTER TABLE `loops_to_microservicepolicies` DISABLE KEYS */;
/*!40000 ALTER TABLE `loops_to_microservicepolicies` ENABLE KEYS */;
UNLOCK TABLES;

--
-- Dumping data for table `looptemplates_to_loopelementmodels`
--

LOCK TABLES `looptemplates_to_loopelementmodels` WRITE;
/*!40000 ALTER TABLE `looptemplates_to_loopelementmodels` DISABLE KEYS */;
INSERT INTO `looptemplates_to_loopelementmodels` VALUES ('onap.policies.monitoring.cdap.tca.hi.lo.app','LOOP_TEMPLATE_klciS_v1_0_ResourceInstanceName1_tca',0);
INSERT INTO `looptemplates_to_loopelementmodels` VALUES ('onap.policies.monitoring.cdap.tca.hi.lo.app','LOOP_TEMPLATE_klciS_v1_0_ResourceInstanceName1_tca_3',0);
INSERT INTO `looptemplates_to_loopelementmodels` VALUES ('onap.policies.monitoring.cdap.tca.hi.lo.app','LOOP_TEMPLATE_klciS_v1_0_ResourceInstanceName2_tca_2',0);
/*!40000 ALTER TABLE `looptemplates_to_loopelementmodels` ENABLE KEYS */;
UNLOCK TABLES;

--
-- Dumping data for table `micro_service_policies`
--

LOCK TABLES `micro_service_policies` WRITE;
/*!40000 ALTER TABLE `micro_service_policies` DISABLE KEYS */;
/*!40000 ALTER TABLE `micro_service_policies` ENABLE KEYS */;
UNLOCK TABLES;

--
-- Dumping data for table `operational_policies`
--

LOCK TABLES `operational_policies` WRITE;
/*!40000 ALTER TABLE `operational_policies` DISABLE KEYS */;
/*!40000 ALTER TABLE `operational_policies` ENABLE KEYS */;
UNLOCK TABLES;

--
-- Dumping data for table `policy_models`
--

LOCK TABLES `policy_models` WRITE;
/*!40000 ALTER TABLE `policy_models` DISABLE KEYS */;
INSERT INTO `policy_models` VALUES ('onap.policies.controlloop.guard.common.Blacklist','1.0.0','Not found','2020-04-16 16:49:04.887829','Not found','2020-04-16 16:49:05.833609','Blacklist','tosca_definitions_version: tosca_simple_yaml_1_1_0\npolicy_types:\n    onap.policies.controlloop.guard.Common:\n        derived_from: tosca.policies.Root\n        version: 1.0.0\n        description: |\n            This is the base Policy Type for Guard policies that guard the execution of Operational\n            Policies.\n        properties:\n            actor:\n                type: string\n                description: Specifies the Actor the guard applies to.\n                required: true\n            operation:\n                type: string\n                description: Specified the operation that the actor is performing\n                    the guard applies to.\n                required: true\n            timeRange:\n                type: tosca.datatypes.TimeInterval\n                description: |\n                    An optional range of time during the day the guard policy is valid for.\n                required: false\n            id:\n                type: string\n                description: The Control Loop id this applies to.\n                required: false\n    onap.policies.controlloop.guard.common.Blacklist:\n        derived_from: onap.policies.controlloop.guard.Common\n        type_version: 1.0.0\n        version: 1.0.0\n        description: Supports blacklist of entity id\'s from performing control loop\n            actions on.\n        properties:\n            blacklist:\n                type: list\n                description: List of entity id\'s\n                required: true\n                entry_schema:\n                    type: string\n','{\n  \"supportedPdpGroups\": [\n    {\n      \"controlloop\": [\n        \"xacml\"\n      ]\n    }\n  ]\n}');
INSERT INTO `policy_models` VALUES ('onap.policies.controlloop.guard.common.FrequencyLimiter','1.0.0','Not found','2020-04-16 16:49:04.674370','Not found','2020-04-16 16:49:05.857855','FrequencyLimiter','tosca_definitions_version: tosca_simple_yaml_1_1_0\npolicy_types:\n    onap.policies.controlloop.guard.Common:\n        derived_from: tosca.policies.Root\n        version: 1.0.0\n        description: |\n            This is the base Policy Type for Guard policies that guard the execution of Operational\n            Policies.\n        properties:\n            actor:\n                type: string\n                description: Specifies the Actor the guard applies to.\n                required: true\n            operation:\n                type: string\n                description: Specified the operation that the actor is performing\n                    the guard applies to.\n                required: true\n            timeRange:\n                type: tosca.datatypes.TimeInterval\n                description: |\n                    An optional range of time during the day the guard policy is valid for.\n                required: false\n            id:\n                type: string\n                description: The Control Loop id this applies to.\n                required: false\n    onap.policies.controlloop.guard.common.FrequencyLimiter:\n        derived_from: onap.policies.controlloop.guard.Common\n        type_version: 1.0.0\n        version: 1.0.0\n        description: Supports limiting the frequency of actions being taken by a Actor.\n        properties:\n            timeWindow:\n                type: integer\n                description: The time window to count the actions against.\n                required: true\n            timeUnits:\n                type: string\n                description: The units of time the window is counting.\n                constraints:\n                -   valid_values:\n                    - second\n                    - minute\n                    - hour\n                    - day\n                    - week\n                    - month\n                    - year\n            limit:\n                type: integer\n                description: The limit\n                required: true\n                constraints:\n                -   greater_than: 0\n','{\n  \"supportedPdpGroups\": [\n    {\n      \"controlloop\": [\n        \"xacml\"\n      ]\n    }\n  ]\n}');
INSERT INTO `policy_models` VALUES ('onap.policies.controlloop.guard.common.MinMax','2.0.0','Not found','2020-04-16 16:49:05.330365','Not found','2020-04-16 16:49:05.330365','MinMax','tosca_definitions_version: tosca_simple_yaml_1_1_0\npolicy_types:\n    onap.policies.controlloop.guard.Common:\n        derived_from: tosca.policies.Root\n        version: 1.0.0\n        description: |\n            This is the base Policy Type for Guard policies that guard the execution of Operational\n            Policies.\n        properties:\n            actor:\n                type: string\n                description: Specifies the Actor the guard applies to.\n                required: true\n            operation:\n                type: string\n                description: Specified the operation that the actor is performing\n                    the guard applies to.\n                required: true\n            timeRange:\n                type: tosca.datatypes.TimeInterval\n                description: |\n                    An optional range of time during the day the guard policy is valid for.\n                required: false\n            id:\n                type: string\n                description: The Control Loop id this applies to.\n                required: false\n    onap.policies.controlloop.guard.common.MinMax:\n        derived_from: onap.policies.controlloop.guard.Common\n        type_version: 1.0.0\n        version: 1.0.0\n        description: Supports Min/Max number of entity for scaling operations\n        properties:\n            min:\n                type: integer\n                required: true\n                description: The minimum instances of this entity\n            max:\n                type: integer\n                required: false\n                description: The maximum instances of this entity\n',NULL);
INSERT INTO `policy_models` VALUES ('onap.policies.controlloop.Operational','1.0.0','Not found','2020-04-16 16:47:23.371101','Not found','2020-04-16 16:49:05.907145','OperationalPolicyLegacy','','{\n  \"supportedPdpGroups\": [\n    {\n      \"controlloop\": [\n        \"apex\",\n        \"drools\"\n      ]\n    }\n  ]\n}');
INSERT INTO `policy_models` VALUES ('onap.policies.controlloop.operational.common.Apex','1.0.0','Not found','2020-04-16 16:49:04.496777','Not found','2020-04-16 16:49:05.960265','Apex','tosca_definitions_version: tosca_simple_yaml_1_1_0\npolicy_types:\n    onap.policies.controlloop.operational.Common:\n        properties:\n            abatement:\n                name: abatement\n                type: boolean\n                typeVersion: 0.0.0\n                description: Whether an abatement event message will be expected for\n                    the control loop from DCAE.\n                default: \'false\'\n                required: true\n                constraints: [\n                    ]\n                metadata: {\n                    }\n            operations:\n                name: operations\n                type: list\n                typeVersion: 0.0.0\n                description: List of operations to be performed when Control Loop\n                    is triggered.\n                required: true\n                constraints: [\n                    ]\n                entry_schema:\n                    type: onap.datatype.controlloop.Operation\n                    typeVersion: 0.0.0\n                    constraints: [\n                        ]\n                metadata: {\n                    }\n            trigger:\n                name: trigger\n                type: string\n                typeVersion: 0.0.0\n                description: Initial operation to execute upon receiving an Onset\n                    event message for the Control Loop.\n                required: true\n                constraints: [\n                    ]\n                metadata: {\n                    }\n            timeout:\n                name: timeout\n                type: integer\n                typeVersion: 0.0.0\n                description: |\n                    Overall timeout for executing all the operations. This timeout should equal or exceed the total\n                    timeout for each operation listed.\n                required: true\n                constraints: [\n                    ]\n                metadata: {\n                    }\n            id:\n                name: id\n                type: string\n                typeVersion: 0.0.0\n                description: The unique control loop id.\n                required: true\n                constraints: [\n                    ]\n                metadata: {\n                    }\n        name: onap.policies.controlloop.operational.Common\n        version: 1.0.0\n        derived_from: tosca.policies.Root\n        metadata: {\n            }\n        description: |\n            Operational Policy for Control Loop execution. Originated in Frankfurt to support TOSCA Compliant\n            Policy Types. This does NOT support the legacy Policy YAML policy type.\n    onap.policies.controlloop.operational.common.Apex:\n        properties:\n            engineServiceParameters:\n                name: engineServiceParameters\n                type: string\n                typeVersion: 0.0.0\n                description: The engine parameters like name, instanceCount, policy\n                    implementation, parameters etc.\n                required: true\n                constraints: [\n                    ]\n                metadata: {\n                    }\n            eventOutputParameters:\n                name: eventOutputParameters\n                type: string\n                typeVersion: 0.0.0\n                description: The event output parameters.\n                required: true\n                constraints: [\n                    ]\n                metadata: {\n                    }\n            javaProperties:\n                name: javaProperties\n                type: string\n                typeVersion: 0.0.0\n                description: Name/value pairs of properties to be set for APEX if\n                    needed.\n                required: false\n                constraints: [\n                    ]\n                metadata: {\n                    }\n            eventInputParameters:\n                name: eventInputParameters\n                type: string\n                typeVersion: 0.0.0\n                description: The event input parameters.\n                required: true\n                constraints: [\n                    ]\n                metadata: {\n                    }\n        name: onap.policies.controlloop.operational.common.Apex\n        version: 1.0.0\n        derived_from: onap.policies.controlloop.operational.Common\n        metadata: {\n            }\n        description: Operational policies for Apex PDP\ndata_types:\n    onap.datatype.controlloop.Actor:\n        constraints: [\n            ]\n        properties:\n            payload:\n                name: payload\n                type: map\n                typeVersion: 0.0.0\n                description: Name/value pairs of payload information passed by Policy\n                    to the actor\n                required: false\n                constraints: [\n                    ]\n                entry_schema:\n                    type: string\n                    typeVersion: 0.0.0\n                    constraints: [\n                        ]\n                metadata:\n                    clamp_possible_values: ClampExecution:CDS/payload\n            target:\n                name: target\n                type: onap.datatype.controlloop.Target\n                typeVersion: 0.0.0\n                description: The resource the operation should be performed on.\n                required: true\n                constraints: [\n                    ]\n                metadata: {\n                    }\n            actor:\n                name: actor\n                type: string\n                typeVersion: 0.0.0\n                description: The actor performing the operation.\n                required: true\n                constraints: [\n                    ]\n                metadata:\n                    clamp_possible_values: Dictionary:DefaultActors,ClampExecution:CDS/actor\n            operation:\n                name: operation\n                type: string\n                typeVersion: 0.0.0\n                description: The operation the actor is performing.\n                required: true\n                constraints: [\n                    ]\n                metadata:\n                    clamp_possible_values: Dictionary:DefaultOperations, ClampExecution:CDS/operation\n        name: onap.datatype.controlloop.Actor\n        version: 0.0.0\n        derived_from: tosca.datatypes.Root\n        metadata: {\n            }\n        description: An actor/operation/target definition\n    onap.datatype.controlloop.Operation:\n        constraints: [\n            ]\n        properties:\n            failure_retries:\n                name: failure_retries\n                type: string\n                typeVersion: 0.0.0\n                description: Points to the operation to invoke when the current operation\n                    has exceeded its max retries.\n                default: final_failure_retries\n                required: false\n                constraints: [\n                    ]\n                metadata: {\n                    }\n            id:\n                name: id\n                type: string\n                typeVersion: 0.0.0\n                description: Unique identifier for the operation\n                required: true\n                constraints: [\n                    ]\n                metadata: {\n                    }\n            failure_timeout:\n                name: failure_timeout\n                type: string\n                typeVersion: 0.0.0\n                description: Points to the operation to invoke when the time out for\n                    the operation occurs.\n                default: final_failure_timeout\n                required: false\n                constraints: [\n                    ]\n                metadata: {\n                    }\n            failure:\n                name: failure\n                type: string\n                typeVersion: 0.0.0\n                description: Points to the operation to invoke on Actor operation\n                    failure.\n                default: final_failure\n                required: false\n                constraints: [\n                    ]\n                metadata: {\n                    }\n            operation:\n                name: operation\n                type: onap.datatype.controlloop.Actor\n                typeVersion: 0.0.0\n                description: The definition of the operation to be performed.\n                required: true\n                constraints: [\n                    ]\n                metadata: {\n                    }\n            failure_guard:\n                name: failure_guard\n                type: string\n                typeVersion: 0.0.0\n                description: Points to the operation to invoke when the current operation\n                    is blocked due to guard policy enforcement.\n                default: final_failure_guard\n                required: false\n                constraints: [\n                    ]\n                metadata: {\n                    }\n            retries:\n                name: retries\n                type: integer\n                typeVersion: 0.0.0\n                description: The number of retries the actor should attempt to perform\n                    the operation.\n                default: \'0\'\n                required: true\n                constraints: [\n                    ]\n                metadata: {\n                    }\n            timeout:\n                name: timeout\n                type: integer\n                typeVersion: 0.0.0\n                description: The amount of time for the actor to perform the operation.\n                required: true\n                constraints: [\n                    ]\n                metadata: {\n                    }\n            failure_exception:\n                name: failure_exception\n                type: string\n                typeVersion: 0.0.0\n                description: Points to the operation to invoke when the current operation\n                    causes an exception.\n                default: final_failure_exception\n                required: false\n                constraints: [\n                    ]\n                metadata: {\n                    }\n            description:\n                name: description\n                type: string\n                typeVersion: 0.0.0\n                description: A user-friendly description of the intent for the operation\n                required: false\n                constraints: [\n                    ]\n                metadata: {\n                    }\n            success:\n                name: success\n                type: string\n                typeVersion: 0.0.0\n                description: Points to the operation to invoke on success. A value\n                    of \"final_success\" indicates and end to the operation.\n                default: final_success\n                required: false\n                constraints: [\n                    ]\n                metadata: {\n                    }\n        name: onap.datatype.controlloop.Operation\n        version: 0.0.0\n        derived_from: tosca.datatypes.Root\n        metadata: {\n            }\n        description: An operation supported by an actor\n    onap.datatype.controlloop.Target:\n        constraints: [\n            ]\n        properties:\n            entityIds:\n                name: entityIds\n                type: map\n                typeVersion: 0.0.0\n                description: |\n                    Map of values that identify the resource. If none are provided, it is assumed that the\n                    entity that generated the ONSET event will be the target.\n                required: false\n                constraints: [\n                    ]\n                entry_schema:\n                    type: string\n                    typeVersion: 0.0.0\n                    constraints: [\n                        ]\n                metadata:\n                    clamp_possible_values: ClampExecution:CSAR_RESOURCES\n            targetType:\n                name: targetType\n                type: string\n                typeVersion: 0.0.0\n                description: Category for the target type\n                required: true\n                constraints:\n                -   valid_values:\n                    - VNF\n                    - VM\n                    - VFMODULE\n                    - PNF\n                metadata: {\n                    }\n        name: onap.datatype.controlloop.Target\n        version: 0.0.0\n        derived_from: tosca.datatypes.Root\n        metadata: {\n            }\n        description: Definition for a entity in A&AI to perform a control loop operation\n            on\nname: ToscaServiceTemplateSimple\nversion: 1.0.0\nmetadata: {\n    }\n','{\n  \"supportedPdpGroups\": [\n    {\n      \"controlloop\": [\n        \"drools\"\n      ]\n    }\n  ]\n}');
INSERT INTO `policy_models` VALUES ('onap.policies.controlloop.operational.common.Drools','1.0.0','Not found','2020-04-16 16:49:03.958133','Not found','2020-04-16 16:49:06.057670','Drools','tosca_definitions_version: tosca_simple_yaml_1_1_0\npolicy_types:\n    onap.policies.controlloop.operational.common.Drools:\n        derived_from: onap.policies.controlloop.operational.Common\n        type_version: 1.0.0\n        version: 1.0.0\n        description: Operational policies for Drools PDP\n        properties:\n            controllerName:\n                type: string\n                description: Drools controller properties\n                required: false\n    onap.policies.controlloop.operational.Common:\n        derived_from: tosca.policies.Root\n        version: 1.0.0\n        description: |\n            Operational Policy for Control Loop execution. Originated in Frankfurt to support TOSCA Compliant\n            Policy Types. This does NOT support the legacy Policy YAML policy type.\n        properties:\n            id:\n                type: string\n                description: The unique control loop id.\n                required: true\n            timeout:\n                type: integer\n                description: |\n                    Overall timeout for executing all the operations. This timeout should equal or exceed the total\n                    timeout for each operation listed.\n                required: true\n            abatement:\n                type: boolean\n                description: Whether an abatement event message will be expected for\n                    the control loop from DCAE.\n                required: true\n                default: false\n            trigger:\n                type: string\n                description: Initial operation to execute upon receiving an Onset\n                    event message for the Control Loop.\n                required: true\n            operations:\n                type: list\n                description: List of operations to be performed when Control Loop\n                    is triggered.\n                required: true\n                entry_schema:\n                    type: onap.datatype.controlloop.Operation\ndata_types:\n    onap.datatype.controlloop.Target:\n        derived_from: tosca.datatypes.Root\n        description: Definition for a entity in A&AI to perform a control loop operation\n            on\n        properties:\n            targetType:\n                type: string\n                description: Category for the target type\n                required: true\n                constraints:\n                -   valid_values:\n                    - VNF\n                    - VM\n                    - VFMODULE\n                    - PNF\n            entityIds:\n                type: map\n                description: |\n                    Map of values that identify the resource. If none are provided, it is assumed that the\n                    entity that generated the ONSET event will be the target.\n                required: false\n                metadata:\n                    clamp_possible_values: ClampExecution:CSAR_RESOURCES\n                entry_schema:\n                    type: string\n    onap.datatype.controlloop.Actor:\n        derived_from: tosca.datatypes.Root\n        description: An actor/operation/target definition\n        properties:\n            actor:\n                type: string\n                description: The actor performing the operation.\n                required: true\n                metadata:\n                    clamp_possible_values: Dictionary:DefaultActors,ClampExecution:CDS/actor\n            operation:\n                type: string\n                description: The operation the actor is performing.\n                required: true\n                metadata:\n                    clamp_possible_values: Dictionary:DefaultOperations, ClampExecution:CDS/operations\n            target:\n                type: onap.datatype.controlloop.Target\n                description: The resource the operation should be performed on.\n                required: true\n            payload:\n                type: map\n                description: Name/value pairs of payload information passed by Policy\n                    to the actor\n                required: false\n                metadata:\n                    clamp_possible_values: ClampExecution:CDS/payload\n                entry_schema:\n                    type: string\n    onap.datatype.controlloop.Operation:\n        derived_from: tosca.datatypes.Root\n        description: An operation supported by an actor\n        properties:\n            id:\n                type: string\n                description: Unique identifier for the operation\n                required: true\n            description:\n                type: string\n                description: A user-friendly description of the intent for the operation\n                required: false\n            operation:\n                type: onap.datatype.controlloop.Actor\n                description: The definition of the operation to be performed.\n                required: true\n            timeout:\n                type: integer\n                description: The amount of time for the actor to perform the operation.\n                required: true\n            retries:\n                type: integer\n                description: The number of retries the actor should attempt to perform\n                    the operation.\n                required: true\n                default: 0\n            success:\n                type: string\n                description: Points to the operation to invoke on success. A value\n                    of \"final_success\" indicates and end to the operation.\n                required: false\n                default: final_success\n            failure:\n                type: string\n                description: Points to the operation to invoke on Actor operation\n                    failure.\n                required: false\n                default: final_failure\n            failure_timeout:\n                type: string\n                description: Points to the operation to invoke when the time out for\n                    the operation occurs.\n                required: false\n                default: final_failure_timeout\n            failure_retries:\n                type: string\n                description: Points to the operation to invoke when the current operation\n                    has exceeded its max retries.\n                required: false\n                default: final_failure_retries\n            failure_exception:\n                type: string\n                description: Points to the operation to invoke when the current operation\n                    causes an exception.\n                required: false\n                default: final_failure_exception\n            failure_guard:\n                type: string\n                description: Points to the operation to invoke when the current operation\n                    is blocked due to guard policy enforcement.\n                required: false\n                default: final_failure_guard\n','{\n  \"supportedPdpGroups\": [\n    {\n      \"controlloop\": [\n        \"drools\"\n      ]\n    }\n  ]\n}');
INSERT INTO `policy_models` VALUES ('onap.policies.monitoring.cdap.tca.hi.lo.app','1.0.0','Not found','2020-04-16 16:48:46.645494','Not found','2020-04-16 16:49:06.116687','app','tosca_definitions_version: tosca_simple_yaml_1_1_0\npolicy_types:\n    onap.policies.Monitoring:\n        derived_from: tosca.policies.Root\n        version: 1.0.0\n        description: a base policy type for all policies that govern monitoring provisioning\n    onap.policies.monitoring.cdap.tca.hi.lo.app:\n        derived_from: onap.policies.Monitoring\n        version: 1.0.0\n        properties:\n            tca_policy:\n                type: onap.datatypes.monitoring.tca_policy\n                description: TCA Policy JSON\n                required: true\ndata_types:\n    onap.datatypes.monitoring.metricsPerEventName:\n        derived_from: tosca.datatypes.Root\n        properties:\n            controlLoopSchemaType:\n                type: string\n                required: true\n                description: Specifies Control Loop Schema Type for the event Name\n                    e.g. VNF, VM\n                constraints:\n                -   valid_values:\n                    - VM\n                    - VNF\n            eventName:\n                type: string\n                required: true\n                description: Event name to which thresholds need to be applied\n            policyName:\n                type: string\n                required: true\n                description: TCA Policy Scope Name\n            policyScope:\n                type: string\n                required: true\n                description: TCA Policy Scope\n            policyVersion:\n                type: string\n                required: true\n                description: TCA Policy Scope Version\n            thresholds:\n                type: list\n                required: true\n                description: Thresholds associated with eventName\n                entry_schema:\n                    type: onap.datatypes.monitoring.thresholds\n    onap.datatypes.monitoring.tca_policy:\n        derived_from: tosca.datatypes.Root\n        properties:\n            domain:\n                type: string\n                required: true\n                description: Domain name to which TCA needs to be applied\n                default: measurementsForVfScaling\n                constraints:\n                -   equal: measurementsForVfScaling\n            metricsPerEventName:\n                type: list\n                required: true\n                description: Contains eventName and threshold details that need to\n                    be applied to given eventName\n                entry_schema:\n                    type: onap.datatypes.monitoring.metricsPerEventName\n    onap.datatypes.monitoring.thresholds:\n        derived_from: tosca.datatypes.Root\n        properties:\n            closedLoopControlName:\n                type: string\n                required: true\n                description: Closed Loop Control Name associated with the threshold\n            closedLoopEventStatus:\n                type: string\n                required: true\n                description: Closed Loop Event Status of the threshold\n                constraints:\n                -   valid_values:\n                    - ONSET\n                    - ABATED\n            direction:\n                type: string\n                required: true\n                description: Direction of the threshold\n                constraints:\n                -   valid_values:\n                    - LESS\n                    - LESS_OR_EQUAL\n                    - GREATER\n                    - GREATER_OR_EQUAL\n                    - EQUAL\n            fieldPath:\n                type: string\n                required: true\n                description: Json field Path as per CEF message which needs to be\n                    analyzed for TCA\n                constraints:\n                -   valid_values:\n                    - $.event.measurementsForVfScalingFields.vNicPerformanceArray[*].receivedTotalPacketsDelta\n                    - $.event.measurementsForVfScalingFields.vNicPerformanceArray[*].receivedOctetsDelta\n                    - $.event.measurementsForVfScalingFields.vNicPerformanceArray[*].receivedUnicastPacketsDelta\n                    - $.event.measurementsForVfScalingFields.vNicPerformanceArray[*].receivedMulticastPacketsDelta\n                    - $.event.measurementsForVfScalingFields.vNicPerformanceArray[*].receivedBroadcastPacketsDelta\n                    - $.event.measurementsForVfScalingFields.vNicPerformanceArray[*].receivedDiscardedPacketsDelta\n                    - $.event.measurementsForVfScalingFields.vNicPerformanceArray[*].receivedErrorPacketsDelta\n                    - $.event.measurementsForVfScalingFields.vNicPerformanceArray[*].receivedTotalPacketsAccumulated\n                    - $.event.measurementsForVfScalingFields.vNicPerformanceArray[*].receivedOctetsAccumulated\n                    - $.event.measurementsForVfScalingFields.vNicPerformanceArray[*].receivedUnicastPacketsAccumulated\n                    - $.event.measurementsForVfScalingFields.vNicPerformanceArray[*].receivedMulticastPacketsAccumulated\n                    - $.event.measurementsForVfScalingFields.vNicPerformanceArray[*].receivedBroadcastPacketsAccumulated\n                    - $.event.measurementsForVfScalingFields.vNicPerformanceArray[*].receivedDiscardedPacketsAccumulated\n                    - $.event.measurementsForVfScalingFields.vNicPerformanceArray[*].receivedErrorPacketsAccumulated\n                    - $.event.measurementsForVfScalingFields.vNicPerformanceArray[*].transmittedTotalPacketsDelta\n                    - $.event.measurementsForVfScalingFields.vNicPerformanceArray[*].transmittedOctetsDelta\n                    - $.event.measurementsForVfScalingFields.vNicPerformanceArray[*].transmittedUnicastPacketsDelta\n                    - $.event.measurementsForVfScalingFields.vNicPerformanceArray[*].transmittedMulticastPacketsDelta\n                    - $.event.measurementsForVfScalingFields.vNicPerformanceArray[*].transmittedBroadcastPacketsDelta\n                    - $.event.measurementsForVfScalingFields.vNicPerformanceArray[*].transmittedDiscardedPacketsDelta\n                    - $.event.measurementsForVfScalingFields.vNicPerformanceArray[*].transmittedErrorPacketsDelta\n                    - $.event.measurementsForVfScalingFields.vNicPerformanceArray[*].transmittedTotalPacketsAccumulated\n                    - $.event.measurementsForVfScalingFields.vNicPerformanceArray[*].transmittedOctetsAccumulated\n                    - $.event.measurementsForVfScalingFields.vNicPerformanceArray[*].transmittedUnicastPacketsAccumulated\n                    - $.event.measurementsForVfScalingFields.vNicPerformanceArray[*].transmittedMulticastPacketsAccumulated\n                    - $.event.measurementsForVfScalingFields.vNicPerformanceArray[*].transmittedBroadcastPacketsAccumulated\n                    - $.event.measurementsForVfScalingFields.vNicPerformanceArray[*].transmittedDiscardedPacketsAccumulated\n                    - $.event.measurementsForVfScalingFields.vNicPerformanceArray[*].transmittedErrorPacketsAccumulated\n                    - $.event.measurementsForVfScalingFields.cpuUsageArray[*].cpuIdle\n                    - $.event.measurementsForVfScalingFields.cpuUsageArray[*].cpuUsageInterrupt\n                    - $.event.measurementsForVfScalingFields.cpuUsageArray[*].cpuUsageNice\n                    - $.event.measurementsForVfScalingFields.cpuUsageArray[*].cpuUsageSoftIrq\n                    - $.event.measurementsForVfScalingFields.cpuUsageArray[*].cpuUsageSteal\n                    - $.event.measurementsForVfScalingFields.cpuUsageArray[*].cpuUsageSystem\n                    - $.event.measurementsForVfScalingFields.cpuUsageArray[*].cpuWait\n                    - $.event.measurementsForVfScalingFields.cpuUsageArray[*].percentUsage\n                    - $.event.measurementsForVfScalingFields.meanRequestLatency\n                    - $.event.measurementsForVfScalingFields.memoryUsageArray[*].memoryBuffered\n                    - $.event.measurementsForVfScalingFields.memoryUsageArray[*].memoryCached\n                    - $.event.measurementsForVfScalingFields.memoryUsageArray[*].memoryConfigured\n                    - $.event.measurementsForVfScalingFields.memoryUsageArray[*].memoryFree\n                    - $.event.measurementsForVfScalingFields.memoryUsageArray[*].memoryUsed\n                    - $.event.measurementsForVfScalingFields.additionalMeasurements[*].arrayOfFields[0].value\n            severity:\n                type: string\n                required: true\n                description: Threshold Event Severity\n                constraints:\n                -   valid_values:\n                    - CRITICAL\n                    - MAJOR\n                    - MINOR\n                    - WARNING\n                    - NORMAL\n            thresholdValue:\n                type: integer\n                required: true\n                description: Threshold value for the field Path inside CEF message\n            version:\n                type: string\n                required: true\n                description: Version number associated with the threshold\n','{\n  \"supportedPdpGroups\": [\n    {\n      \"monitoring\": [\n        \"xacml\"\n      ]\n    }\n  ]\n}');
/*!40000 ALTER TABLE `policy_models` ENABLE KEYS */;
UNLOCK TABLES;

--
-- Dumping data for table `services`
--

LOCK TABLES `services` WRITE;
/*!40000 ALTER TABLE `services` DISABLE KEYS */;
INSERT INTO `services` VALUES ('63cac700-ab9a-4115-a74f-7eac85e3fce0','vLoadBalancerMS','{\n  \"CP\": {},\n  \"VL\": {},\n  \"VF\": {\n    \"vLoadBalancerMS 0\": {\n      \"resourceVendor\": \"Test\",\n      \"name\": \"vLoadBalancerMS\",\n      \"resourceVendorModelNumber\": \"\",\n      \"description\": \"vLBMS\",\n      \"invariantUUID\": \"1a31b9f2-e50d-43b7-89b3-a040250cf506\",\n      \"UUID\": \"b4c4f3d7-929e-4b6d-a1cd-57e952ddc3e6\",\n      \"type\": \"VF\",\n      \"category\": \"Application L4+\",\n      \"subcategory\": \"Load Balancer\",\n      \"version\": \"1.0\",\n      \"customizationUUID\": \"465246dc-7748-45f4-a013-308d92922552\",\n      \"resourceVendorRelease\": \"1.0\",\n      \"controllerProperties\": {\n        \"sdnc_model_name\": \"baseconfiguration\",\n        \"sdnc_model_version\": \"1.0.0\",\n        \"workflows\": {\n          \"resource-assignment\": {\n            \"inputs\": {\n              \"resource-assignment-properties\": {\n                \"request-id\": {\n                  \"required\": true,\n                  \"type\": \"string\"\n                },\n                \"service-instance-id\": {\n                  \"required\": true,\n                  \"type\": \"string\"\n                },\n                \"vnf-id\": {\n                  \"required\": true,\n                  \"type\": \"string\"\n                },\n                \"action-name\": {\n                  \"required\": true,\n                  \"type\": \"string\"\n                },\n                \"scope-type\": {\n                  \"required\": true,\n                  \"type\": \"string\"\n                },\n                \"hostname\": {\n                  \"required\": true,\n                  \"type\": \"string\"\n                },\n                \"vnf_name\": {\n                  \"required\": true,\n                  \"type\": \"string\"\n                }\n              }\n            }\n          },\n          \"activate\": {\n            \"inputs\": {\n              \"resource-assignment-properties\": {\n                \"request-id\": {\n                  \"required\": true,\n                  \"type\": \"string\"\n                },\n                \"service-instance-id\": {\n                  \"required\": true,\n                  \"type\": \"string\"\n                },\n                \"vnf-id\": {\n                  \"required\": true,\n                  \"type\": \"string\"\n                },\n                \"action-name\": {\n                  \"required\": true,\n                  \"type\": \"string\"\n                },\n                \"scope-type\": {\n                  \"required\": true,\n                  \"type\": \"string\"\n                },\n                \"hostname\": {\n                  \"required\": true,\n                  \"type\": \"string\"\n                },\n                \"vnf_name\": {\n                  \"required\": true,\n                  \"type\": \"string\"\n                }\n              }\n            }\n          },\n          \"activate-restconf\": {\n            \"inputs\": {\n              \"resource-assignment-properties\": {\n                \"request-id\": {\n                  \"required\": true,\n                  \"type\": \"string\"\n                },\n                \"service-instance-id\": {\n                  \"required\": true,\n                  \"type\": \"string\"\n                },\n                \"vnf-id\": {\n                  \"required\": true,\n                  \"type\": \"string\"\n                },\n                \"action-name\": {\n                  \"required\": true,\n                  \"type\": \"string\"\n                },\n                \"scope-type\": {\n                  \"required\": true,\n                  \"type\": \"string\"\n                },\n                \"hostname\": {\n                  \"required\": true,\n                  \"type\": \"string\"\n                },\n                \"vnf_name\": {\n                  \"required\": true,\n                  \"type\": \"string\"\n                }\n              }\n            }\n          },\n          \"activate-cli\": {\n            \"inputs\": {\n              \"resource-assignment-properties\": {\n                \"request-id\": {\n                  \"required\": true,\n                  \"type\": \"string\"\n                },\n                \"service-instance-id\": {\n                  \"required\": true,\n                  \"type\": \"string\"\n                },\n                \"vnf-id\": {\n                  \"required\": true,\n                  \"type\": \"string\"\n                },\n                \"action-name\": {\n                  \"required\": true,\n                  \"type\": \"string\"\n                },\n                \"scope-type\": {\n                  \"required\": true,\n                  \"type\": \"string\"\n                },\n                \"hostname\": {\n                  \"required\": true,\n                  \"type\": \"string\"\n                },\n                \"vnf_name\": {\n                  \"required\": true,\n                  \"type\": \"string\"\n                }\n              }\n            }\n          },\n          \"assign-activate\": {\n            \"inputs\": {\n              \"resource-assignment-properties\": {\n                \"request-id\": {\n                  \"required\": true,\n                  \"type\": \"string\"\n                },\n                \"service-instance-id\": {\n                  \"required\": true,\n                  \"type\": \"string\"\n                },\n                \"vnf-id\": {\n                  \"required\": true,\n                  \"type\": \"string\"\n                },\n                \"action-name\": {\n                  \"required\": true,\n                  \"type\": \"string\"\n                },\n                \"scope-type\": {\n                  \"required\": true,\n                  \"type\": \"string\"\n                },\n                \"hostname\": {\n                  \"required\": true,\n                  \"type\": \"string\"\n                },\n                \"vnf_name\": {\n                  \"required\": true,\n                  \"type\": \"string\"\n                }\n              }\n            }\n          },\n          \"imperative-test-wf\": {\n            \"inputs\": {\n              \"resource-assignment-properties\": {\n                \"request-id\": {\n                  \"required\": true,\n                  \"type\": \"string\"\n                },\n                \"service-instance-id\": {\n                  \"required\": true,\n                  \"type\": \"string\"\n                },\n                \"vnf-id\": {\n                  \"required\": true,\n                  \"type\": \"string\"\n                },\n                \"action-name\": {\n                  \"required\": true,\n                  \"type\": \"string\"\n                },\n                \"scope-type\": {\n                  \"required\": true,\n                  \"type\": \"string\"\n                },\n                \"hostname\": {\n                  \"required\": true,\n                  \"type\": \"string\"\n                },\n                \"vnf_name\": {\n                  \"required\": true,\n                  \"type\": \"string\"\n                }\n              }\n            }\n          }\n        }\n      }\n    }\n  },\n  \"CR\": {},\n  \"VFC\": {},\n  \"PNF\": {},\n  \"Service\": {},\n  \"CVFC\": {},\n  \"Service Proxy\": {},\n  \"Configuration\": {},\n  \"AllottedResource\": {},\n  \"VFModule\": {\n    \"Vloadbalancerms..vpkg..module-1\": {\n      \"vfModuleModelInvariantUUID\": \"ca052563-eb92-4b5b-ad41-9111768ce043\",\n      \"vfModuleModelVersion\": \"1\",\n      \"vfModuleModelName\": \"Vloadbalancerms..vpkg..module-1\",\n      \"vfModuleModelUUID\": \"1e725ccc-b823-4f67-82b9-4f4367070dbc\",\n      \"vfModuleModelCustomizationUUID\": \"1bffdc31-a37d-4dee-b65c-dde623a76e52\",\n      \"min_vf_module_instances\": 0,\n      \"vf_module_label\": \"vpkg\",\n      \"max_vf_module_instances\": 1,\n      \"vf_module_type\": \"Expansion\",\n      \"isBase\": false,\n      \"initial_count\": 0,\n      \"volume_group\": false\n    },\n    \"Vloadbalancerms..vdns..module-3\": {\n      \"vfModuleModelInvariantUUID\": \"4c10ba9b-f88f-415e-9de3-5d33336047fa\",\n      \"vfModuleModelVersion\": \"1\",\n      \"vfModuleModelName\": \"Vloadbalancerms..vdns..module-3\",\n      \"vfModuleModelUUID\": \"4fa73b49-8a6c-493e-816b-eb401567b720\",\n      \"vfModuleModelCustomizationUUID\": \"bafcdab0-801d-4d81-9ead-f464640a38b1\",\n      \"min_vf_module_instances\": 0,\n      \"vf_module_label\": \"vdns\",\n      \"max_vf_module_instances\": 50,\n      \"vf_module_type\": \"Expansion\",\n      \"isBase\": false,\n      \"initial_count\": 0,\n      \"volume_group\": false\n    },\n    \"Vloadbalancerms..base_template..module-0\": {\n      \"vfModuleModelInvariantUUID\": \"921f7c96-ebdd-42e6-81b9-1cfc0c9796f3\",\n      \"vfModuleModelVersion\": \"1\",\n      \"vfModuleModelName\": \"Vloadbalancerms..base_template..module-0\",\n      \"vfModuleModelUUID\": \"63734409-f745-4e4d-a38b-131638a0edce\",\n      \"vfModuleModelCustomizationUUID\": \"86baddea-c730-4fb8-9410-cd2e17fd7f27\",\n      \"min_vf_module_instances\": 1,\n      \"vf_module_label\": \"base_template\",\n      \"max_vf_module_instances\": 1,\n      \"vf_module_type\": \"Base\",\n      \"isBase\": true,\n      \"initial_count\": 1,\n      \"volume_group\": false\n    },\n    \"Vloadbalancerms..vlb..module-2\": {\n      \"vfModuleModelInvariantUUID\": \"a772a1f4-0064-412c-833d-4749b15828dd\",\n      \"vfModuleModelVersion\": \"1\",\n      \"vfModuleModelName\": \"Vloadbalancerms..vlb..module-2\",\n      \"vfModuleModelUUID\": \"0f5c3f6a-650a-4303-abb6-fff3e573a07a\",\n      \"vfModuleModelCustomizationUUID\": \"96a78aad-4ffb-4ef0-9c4f-deb03bf1d806\",\n      \"min_vf_module_instances\": 0,\n      \"vf_module_label\": \"vlb\",\n      \"max_vf_module_instances\": 1,\n      \"vf_module_type\": \"Expansion\",\n      \"isBase\": false,\n      \"initial_count\": 0,\n      \"volume_group\": false\n    }\n  }\n}','{\n  \"serviceType\": \"\",\n  \"serviceRole\": \"\",\n  \"description\": \"vLBMS\",\n  \"type\": \"Service\",\n  \"instantiationType\": \"A-la-carte\",\n  \"namingPolicy\": \"\",\n  \"serviceEcompNaming\": \"true\",\n  \"environmentContext\": \"General_Revenue-Bearing\",\n  \"name\": \"vLoadBalancerMS\",\n  \"invariantUUID\": \"30ec5b59-4799-48d8-ac5f-1058a6b0e48f\",\n  \"ecompGeneratedNaming\": \"true\",\n  \"UUID\": \"63cac700-ab9a-4115-a74f-7eac85e3fce0\",\n  \"category\": \"Network L4+\"\n}','1.0');
/*!40000 ALTER TABLE `services` ENABLE KEYS */;
UNLOCK TABLES;
/*!40103 SET TIME_ZONE=@OLD_TIME_ZONE */;

/*!40101 SET SQL_MODE=@OLD_SQL_MODE */;
/*!40014 SET FOREIGN_KEY_CHECKS=@OLD_FOREIGN_KEY_CHECKS */;
/*!40101 SET CHARACTER_SET_CLIENT=@OLD_CHARACTER_SET_CLIENT */;
/*!40101 SET CHARACTER_SET_RESULTS=@OLD_CHARACTER_SET_RESULTS */;
/*!40101 SET COLLATION_CONNECTION=@OLD_COLLATION_CONNECTION */;
/*!40111 SET SQL_NOTES=@OLD_SQL_NOTES */;

-- Dump completed on 2020-04-16 14:50:40
