-- MySQL dump 10.16  Distrib 10.1.11-MariaDB, for debian-linux-gnu (x86_64)
--
-- Host: localhost    Database: cldsdb4
-- ------------------------------------------------------
-- Server version	10.1.11-MariaDB-1~jessie-log

/*!40101 SET @OLD_CHARACTER_SET_CLIENT=@@CHARACTER_SET_CLIENT */;
/*!40101 SET @OLD_CHARACTER_SET_RESULTS=@@CHARACTER_SET_RESULTS */;
/*!40101 SET @OLD_COLLATION_CONNECTION=@@COLLATION_CONNECTION */;
/*!40101 SET NAMES utf8 */;
/*!40103 SET @OLD_TIME_ZONE=@@TIME_ZONE */;
/*!40103 SET TIME_ZONE='+00:00' */;
/*!40014 SET @OLD_UNIQUE_CHECKS=@@UNIQUE_CHECKS, UNIQUE_CHECKS=0 */;
/*!40014 SET @OLD_FOREIGN_KEY_CHECKS=@@FOREIGN_KEY_CHECKS, FOREIGN_KEY_CHECKS=0 */;
/*!40101 SET @OLD_SQL_MODE=@@SQL_MODE, SQL_MODE='NO_AUTO_VALUE_ON_ZERO' */;
/*!40111 SET @OLD_SQL_NOTES=@@SQL_NOTES, SQL_NOTES=0 */;

--
-- Current Database: `cldsdb4`
--

USE `cldsdb4`;

--
-- Dumping data for table `template`
--

LOCK TABLES `template` WRITE;
/*!40000 ALTER TABLE `template` DISABLE KEYS */;
INSERT INTO `template` VALUES ('04e43cfa-17eb-11e8-b63b-0242ac130002','templateHolmes2','04e6dbd1-17eb-11e8-b63b-0242ac130002','04e8852e-17eb-11e8-b63b-0242ac130002','04ebec9b-17eb-11e8-b63b-0242ac130002'),('27aa4250-17eb-11e8-b63b-0242ac130002','templateTCA1','27ac1c6f-17eb-11e8-b63b-0242ac130002','27adc7b8-17eb-11e8-b63b-0242ac130002','27b1a0c9-17eb-11e8-b63b-0242ac130002'),('3c02f310-17eb-11e8-b63b-0242ac130002','templateTCA2','3c04b3d9-17eb-11e8-b63b-0242ac130002','3c06ce66-17eb-11e8-b63b-0242ac130002','3c0d7849-17eb-11e8-b63b-0242ac130002'),('eb98db1e-17ea-11e8-b63b-0242ac130002','templateHolmes1','eb9b167a-17ea-11e8-b63b-0242ac130002','eb9d6280-17ea-11e8-b63b-0242ac130002','eb9f5d1c-17ea-11e8-b63b-0242ac130002');
/*!40000 ALTER TABLE `template` ENABLE KEYS */;
UNLOCK TABLES;

--
-- Dumping data for table `template_bpmn`
--

LOCK TABLES `template_bpmn` WRITE;
/*!40000 ALTER TABLE `template_bpmn` DISABLE KEYS */;
INSERT INTO `template_bpmn` VALUES ('04e6dbd1-17eb-11e8-b63b-0242ac130002','04e43cfa-17eb-11e8-b63b-0242ac130002','<?xml version=\"1.0\" encoding=\"UTF-8\"?>\n<bpmn:definitions xmlns:bpmn=\"http://www.omg.org/spec/BPMN/20100524/MODEL\" xmlns:bpmndi=\"http://www.omg.org/spec/BPMN/20100524/DI\" xmlns:di=\"http://www.omg.org/spec/DD/20100524/DI\" xmlns:dc=\"http://www.omg.org/spec/DD/20100524/DC\" xmlns:xsi=\"http://www.w3.org/2001/XMLSchema-instance\" id=\"Definitions_1\" targetNamespace=\"http://bpmn.io/schema/bpmn\">\n  <bpmn:process id=\"Process_1\" isExecutable=\"false\">\n    <bpmn:startEvent id=\"StartEvent_1\">\n      <bpmn:outgoing>SequenceFlow_1c9hzec</bpmn:outgoing>\n    </bpmn:startEvent>\n    <bpmn:holmes id=\"Holmes_0bsv00m\">\n      <bpmn:incoming>SequenceFlow_1ig3gix</bpmn:incoming>\n      <bpmn:outgoing>SequenceFlow_0zwbn2r</bpmn:outgoing>\n    </bpmn:holmes>\n    <bpmn:vesCollector id=\"VesCollector_1ljyqg8\">\n      <bpmn:incoming>SequenceFlow_1c9hzec</bpmn:incoming>\n      <bpmn:outgoing>SequenceFlow_1ig3gix</bpmn:outgoing>\n    </bpmn:vesCollector>\n    <bpmn:policy id=\"Policy_114xo8j\">\n      <bpmn:incoming>SequenceFlow_0zwbn2r</bpmn:incoming>\n      <bpmn:outgoing>SequenceFlow_0ox6r95</bpmn:outgoing>\n    </bpmn:policy>\n    <bpmn:endEvent id=\"EndEvent_0b4m6bk\">\n      <bpmn:incoming>SequenceFlow_0ox6r95</bpmn:incoming>\n    </bpmn:endEvent>\n    <bpmn:sequenceFlow id=\"SequenceFlow_1c9hzec\" sourceRef=\"StartEvent_1\" targetRef=\"VesCollector_1ljyqg8\" />\n    <bpmn:sequenceFlow id=\"SequenceFlow_1ig3gix\" sourceRef=\"VesCollector_1ljyqg8\" targetRef=\"Holmes_0bsv00m\" />\n    <bpmn:sequenceFlow id=\"SequenceFlow_0zwbn2r\" sourceRef=\"Holmes_0bsv00m\" targetRef=\"Policy_114xo8j\" />\n    <bpmn:sequenceFlow id=\"SequenceFlow_0ox6r95\" sourceRef=\"Policy_114xo8j\" targetRef=\"EndEvent_0b4m6bk\" />\n  </bpmn:process>\n  <bpmndi:BPMNDiagram id=\"BPMNDiagram_1\">\n    <bpmndi:BPMNPlane id=\"BPMNPlane_1\" bpmnElement=\"Process_1\">\n      <bpmndi:BPMNShape id=\"_BPMNShape_StartEvent_2\" bpmnElement=\"StartEvent_1\">\n        <dc:Bounds x=\"50\" y=\"162\" width=\"36\" height=\"36\" />\n      </bpmndi:BPMNShape>\n      <bpmndi:BPMNShape id=\"Holmes_0bsv00m_di\" bpmnElement=\"Holmes_0bsv00m\">\n        <dc:Bounds x=\"438\" y=\"140\" width=\"120\" height=\"80\" />\n      </bpmndi:BPMNShape>\n      <bpmndi:BPMNShape id=\"VesCollector_1ljyqg8_di\" bpmnElement=\"VesCollector_1ljyqg8\">\n        <dc:Bounds x=\"213\" y=\"140\" width=\"120\" height=\"80\" />\n      </bpmndi:BPMNShape>\n      <bpmndi:BPMNShape id=\"Policy_114xo8j_di\" bpmnElement=\"Policy_114xo8j\">\n        <dc:Bounds x=\"678\" y=\"140\" width=\"120\" height=\"80\" />\n      </bpmndi:BPMNShape>\n      <bpmndi:BPMNShape id=\"EndEvent_0b4m6bk_di\" bpmnElement=\"EndEvent_0b4m6bk\">\n        <dc:Bounds x=\"901\" y=\"162\" width=\"36\" height=\"36\" />\n        <bpmndi:BPMNLabel>\n          <dc:Bounds x=\"874\" y=\"198\" width=\"90\" height=\"20\" />\n        </bpmndi:BPMNLabel>\n      </bpmndi:BPMNShape>\n      <bpmndi:BPMNEdge id=\"SequenceFlow_1c9hzec_di\" bpmnElement=\"SequenceFlow_1c9hzec\">\n        <di:waypoint xsi:type=\"dc:Point\" x=\"86\" y=\"180\" />\n        <di:waypoint xsi:type=\"dc:Point\" x=\"213\" y=\"180\" />\n        <bpmndi:BPMNLabel>\n          <dc:Bounds x=\"104.5\" y=\"170\" width=\"90\" height=\"20\" />\n        </bpmndi:BPMNLabel>\n      </bpmndi:BPMNEdge>\n      <bpmndi:BPMNEdge id=\"SequenceFlow_1ig3gix_di\" bpmnElement=\"SequenceFlow_1ig3gix\">\n        <di:waypoint xsi:type=\"dc:Point\" x=\"333\" y=\"180\" />\n        <di:waypoint xsi:type=\"dc:Point\" x=\"438\" y=\"180\" />\n        <bpmndi:BPMNLabel>\n          <dc:Bounds x=\"340.5\" y=\"170\" width=\"90\" height=\"20\" />\n        </bpmndi:BPMNLabel>\n      </bpmndi:BPMNEdge>\n      <bpmndi:BPMNEdge id=\"SequenceFlow_0zwbn2r_di\" bpmnElement=\"SequenceFlow_0zwbn2r\">\n        <di:waypoint xsi:type=\"dc:Point\" x=\"558\" y=\"180\" />\n        <di:waypoint xsi:type=\"dc:Point\" x=\"678\" y=\"180\" />\n        <bpmndi:BPMNLabel>\n          <dc:Bounds x=\"573\" y=\"170\" width=\"90\" height=\"20\" />\n        </bpmndi:BPMNLabel>\n      </bpmndi:BPMNEdge>\n      <bpmndi:BPMNEdge id=\"SequenceFlow_0ox6r95_di\" bpmnElement=\"SequenceFlow_0ox6r95\">\n        <di:waypoint xsi:type=\"dc:Point\" x=\"798\" y=\"180\" />\n        <di:waypoint xsi:type=\"dc:Point\" x=\"901\" y=\"180\" />\n        <bpmndi:BPMNLabel>\n          <dc:Bounds x=\"804.5\" y=\"170\" width=\"90\" height=\"20\" />\n        </bpmndi:BPMNLabel>\n      </bpmndi:BPMNEdge>\n    </bpmndi:BPMNPlane>\n  </bpmndi:BPMNDiagram>\n</bpmn:definitions>\n',NULL,'2018-02-22 16:11:20'),('27ac1c6f-17eb-11e8-b63b-0242ac130002','27aa4250-17eb-11e8-b63b-0242ac130002','<?xml version=\"1.0\" encoding=\"UTF-8\"?>\n<bpmn:definitions xmlns:bpmn=\"http://www.omg.org/spec/BPMN/20100524/MODEL\" xmlns:bpmndi=\"http://www.omg.org/spec/BPMN/20100524/DI\" xmlns:di=\"http://www.omg.org/spec/DD/20100524/DI\" xmlns:dc=\"http://www.omg.org/spec/DD/20100524/DC\" xmlns:xsi=\"http://www.w3.org/2001/XMLSchema-instance\" id=\"Definitions_1\" targetNamespace=\"http://bpmn.io/schema/bpmn\">\n  <bpmn:process id=\"Process_1\" isExecutable=\"false\">\n    <bpmn:startEvent id=\"StartEvent_1\">\n      <bpmn:outgoing>SequenceFlow_1ahk7jg</bpmn:outgoing>\n    </bpmn:startEvent>\n    <bpmn:vesCollector id=\"VesCollector_1g9cmz0\">\n      <bpmn:incoming>SequenceFlow_1ahk7jg</bpmn:incoming>\n      <bpmn:outgoing>SequenceFlow_18ahat1</bpmn:outgoing>\n    </bpmn:vesCollector>\n    <bpmn:tCA id=\"TCA_1d13unw\">\n      <bpmn:incoming>SequenceFlow_18ahat1</bpmn:incoming>\n      <bpmn:outgoing>SequenceFlow_1mo9gxb</bpmn:outgoing>\n    </bpmn:tCA>\n    <bpmn:policy id=\"Policy_12lup3h\">\n      <bpmn:incoming>SequenceFlow_1mo9gxb</bpmn:incoming>\n      <bpmn:outgoing>SequenceFlow_1dgtrrq</bpmn:outgoing>\n    </bpmn:policy>\n    <bpmn:endEvent id=\"EndEvent_16kg9fx\">\n      <bpmn:incoming>SequenceFlow_1dgtrrq</bpmn:incoming>\n    </bpmn:endEvent>\n    <bpmn:sequenceFlow id=\"SequenceFlow_1ahk7jg\" sourceRef=\"StartEvent_1\" targetRef=\"VesCollector_1g9cmz0\" />\n    <bpmn:sequenceFlow id=\"SequenceFlow_18ahat1\" sourceRef=\"VesCollector_1g9cmz0\" targetRef=\"TCA_1d13unw\" />\n    <bpmn:sequenceFlow id=\"SequenceFlow_1mo9gxb\" sourceRef=\"TCA_1d13unw\" targetRef=\"Policy_12lup3h\" />\n    <bpmn:sequenceFlow id=\"SequenceFlow_1dgtrrq\" sourceRef=\"Policy_12lup3h\" targetRef=\"EndEvent_16kg9fx\" />\n  </bpmn:process>\n  <bpmndi:BPMNDiagram id=\"BPMNDiagram_1\">\n    <bpmndi:BPMNPlane id=\"BPMNPlane_1\" bpmnElement=\"Process_1\">\n      <bpmndi:BPMNShape id=\"_BPMNShape_StartEvent_2\" bpmnElement=\"StartEvent_1\">\n        <dc:Bounds x=\"50\" y=\"162\" width=\"36\" height=\"36\" />\n      </bpmndi:BPMNShape>\n      <bpmndi:BPMNShape id=\"VesCollector_1g9cmz0_di\" bpmnElement=\"VesCollector_1g9cmz0\">\n        <dc:Bounds x=\"207\" y=\"140\" width=\"120\" height=\"80\" />\n      </bpmndi:BPMNShape>\n      <bpmndi:BPMNShape id=\"TCA_1d13unw_di\" bpmnElement=\"TCA_1d13unw\">\n        <dc:Bounds x=\"453\" y=\"140\" width=\"120\" height=\"80\" />\n      </bpmndi:BPMNShape>\n      <bpmndi:BPMNShape id=\"Policy_12lup3h_di\" bpmnElement=\"Policy_12lup3h\">\n        <dc:Bounds x=\"687\" y=\"140\" width=\"120\" height=\"80\" />\n      </bpmndi:BPMNShape>\n      <bpmndi:BPMNShape id=\"EndEvent_16kg9fx_di\" bpmnElement=\"EndEvent_16kg9fx\">\n        <dc:Bounds x=\"925\" y=\"162\" width=\"36\" height=\"36\" />\n        <bpmndi:BPMNLabel>\n          <dc:Bounds x=\"898\" y=\"198\" width=\"90\" height=\"20\" />\n        </bpmndi:BPMNLabel>\n      </bpmndi:BPMNShape>\n      <bpmndi:BPMNEdge id=\"SequenceFlow_1ahk7jg_di\" bpmnElement=\"SequenceFlow_1ahk7jg\">\n        <di:waypoint xsi:type=\"dc:Point\" x=\"86\" y=\"180\" />\n        <di:waypoint xsi:type=\"dc:Point\" x=\"207\" y=\"180\" />\n        <bpmndi:BPMNLabel>\n          <dc:Bounds x=\"101.5\" y=\"170\" width=\"90\" height=\"20\" />\n        </bpmndi:BPMNLabel>\n      </bpmndi:BPMNEdge>\n      <bpmndi:BPMNEdge id=\"SequenceFlow_18ahat1_di\" bpmnElement=\"SequenceFlow_18ahat1\">\n        <di:waypoint xsi:type=\"dc:Point\" x=\"327\" y=\"180\" />\n        <di:waypoint xsi:type=\"dc:Point\" x=\"453\" y=\"180\" />\n        <bpmndi:BPMNLabel>\n          <dc:Bounds x=\"345\" y=\"170\" width=\"90\" height=\"20\" />\n        </bpmndi:BPMNLabel>\n      </bpmndi:BPMNEdge>\n      <bpmndi:BPMNEdge id=\"SequenceFlow_1mo9gxb_di\" bpmnElement=\"SequenceFlow_1mo9gxb\">\n        <di:waypoint xsi:type=\"dc:Point\" x=\"573\" y=\"180\" />\n        <di:waypoint xsi:type=\"dc:Point\" x=\"687\" y=\"180\" />\n        <bpmndi:BPMNLabel>\n          <dc:Bounds x=\"585\" y=\"170\" width=\"90\" height=\"20\" />\n        </bpmndi:BPMNLabel>\n      </bpmndi:BPMNEdge>\n      <bpmndi:BPMNEdge id=\"SequenceFlow_1dgtrrq_di\" bpmnElement=\"SequenceFlow_1dgtrrq\">\n        <di:waypoint xsi:type=\"dc:Point\" x=\"807\" y=\"180\" />\n        <di:waypoint xsi:type=\"dc:Point\" x=\"925\" y=\"180\" />\n        <bpmndi:BPMNLabel>\n          <dc:Bounds x=\"821\" y=\"170\" width=\"90\" height=\"20\" />\n        </bpmndi:BPMNLabel>\n      </bpmndi:BPMNEdge>\n    </bpmndi:BPMNPlane>\n  </bpmndi:BPMNDiagram>\n</bpmn:definitions>\n',NULL,'2018-02-22 16:12:18'),('3c04b3d9-17eb-11e8-b63b-0242ac130002','3c02f310-17eb-11e8-b63b-0242ac130002','<?xml version=\"1.0\" encoding=\"UTF-8\"?>\n<bpmn:definitions xmlns:bpmn=\"http://www.omg.org/spec/BPMN/20100524/MODEL\" xmlns:bpmndi=\"http://www.omg.org/spec/BPMN/20100524/DI\" xmlns:di=\"http://www.omg.org/spec/DD/20100524/DI\" xmlns:dc=\"http://www.omg.org/spec/DD/20100524/DC\" xmlns:xsi=\"http://www.w3.org/2001/XMLSchema-instance\" id=\"Definitions_1\" targetNamespace=\"http://bpmn.io/schema/bpmn\">\n  <bpmn:process id=\"Process_1\" isExecutable=\"false\">\n    <bpmn:startEvent id=\"StartEvent_1\">\n      <bpmn:outgoing>SequenceFlow_0y4m01s</bpmn:outgoing>\n    </bpmn:startEvent>\n    <bpmn:vesCollector id=\"VesCollector_1u6hupb\">\n      <bpmn:incoming>SequenceFlow_0y4m01s</bpmn:incoming>\n      <bpmn:outgoing>SequenceFlow_10vqotq</bpmn:outgoing>\n    </bpmn:vesCollector>\n    <bpmn:tCA id=\"TCA_09syovq\">\n      <bpmn:incoming>SequenceFlow_10vqotq</bpmn:incoming>\n      <bpmn:outgoing>SequenceFlow_0fpkygk</bpmn:outgoing>\n    </bpmn:tCA>\n    <bpmn:policy id=\"Policy_1r0guma\">\n      <bpmn:incoming>SequenceFlow_0fpkygk</bpmn:incoming>\n      <bpmn:outgoing>SequenceFlow_0jsvuvu</bpmn:outgoing>\n    </bpmn:policy>\n    <bpmn:endEvent id=\"EndEvent_04x88vg\">\n      <bpmn:incoming>SequenceFlow_0jsvuvu</bpmn:incoming>\n    </bpmn:endEvent>\n    <bpmn:sequenceFlow id=\"SequenceFlow_0y4m01s\" sourceRef=\"StartEvent_1\" targetRef=\"VesCollector_1u6hupb\" />\n    <bpmn:sequenceFlow id=\"SequenceFlow_10vqotq\" sourceRef=\"VesCollector_1u6hupb\" targetRef=\"TCA_09syovq\" />\n    <bpmn:sequenceFlow id=\"SequenceFlow_0fpkygk\" sourceRef=\"TCA_09syovq\" targetRef=\"Policy_1r0guma\" />\n    <bpmn:sequenceFlow id=\"SequenceFlow_0jsvuvu\" sourceRef=\"Policy_1r0guma\" targetRef=\"EndEvent_04x88vg\" />\n  </bpmn:process>\n  <bpmndi:BPMNDiagram id=\"BPMNDiagram_1\">\n    <bpmndi:BPMNPlane id=\"BPMNPlane_1\" bpmnElement=\"Process_1\">\n      <bpmndi:BPMNShape id=\"_BPMNShape_StartEvent_2\" bpmnElement=\"StartEvent_1\">\n        <dc:Bounds x=\"50\" y=\"162\" width=\"36\" height=\"36\" />\n      </bpmndi:BPMNShape>\n      <bpmndi:BPMNShape id=\"VesCollector_1u6hupb_di\" bpmnElement=\"VesCollector_1u6hupb\">\n        <dc:Bounds x=\"231\" y=\"140\" width=\"120\" height=\"80\" />\n      </bpmndi:BPMNShape>\n      <bpmndi:BPMNShape id=\"TCA_09syovq_di\" bpmnElement=\"TCA_09syovq\">\n        <dc:Bounds x=\"472\" y=\"140\" width=\"120\" height=\"80\" />\n      </bpmndi:BPMNShape>\n      <bpmndi:BPMNShape id=\"Policy_1r0guma_di\" bpmnElement=\"Policy_1r0guma\">\n        <dc:Bounds x=\"721\" y=\"140\" width=\"120\" height=\"80\" />\n      </bpmndi:BPMNShape>\n      <bpmndi:BPMNShape id=\"EndEvent_04x88vg_di\" bpmnElement=\"EndEvent_04x88vg\">\n        <dc:Bounds x=\"966\" y=\"162\" width=\"36\" height=\"36\" />\n        <bpmndi:BPMNLabel>\n          <dc:Bounds x=\"939\" y=\"198\" width=\"90\" height=\"20\" />\n        </bpmndi:BPMNLabel>\n      </bpmndi:BPMNShape>\n      <bpmndi:BPMNEdge id=\"SequenceFlow_0y4m01s_di\" bpmnElement=\"SequenceFlow_0y4m01s\">\n        <di:waypoint xsi:type=\"dc:Point\" x=\"86\" y=\"180\" />\n        <di:waypoint xsi:type=\"dc:Point\" x=\"231\" y=\"180\" />\n        <bpmndi:BPMNLabel>\n          <dc:Bounds x=\"113.5\" y=\"170\" width=\"90\" height=\"20\" />\n        </bpmndi:BPMNLabel>\n      </bpmndi:BPMNEdge>\n      <bpmndi:BPMNEdge id=\"SequenceFlow_10vqotq_di\" bpmnElement=\"SequenceFlow_10vqotq\">\n        <di:waypoint xsi:type=\"dc:Point\" x=\"351\" y=\"180\" />\n        <di:waypoint xsi:type=\"dc:Point\" x=\"472\" y=\"180\" />\n        <bpmndi:BPMNLabel>\n          <dc:Bounds x=\"366.5\" y=\"170\" width=\"90\" height=\"20\" />\n        </bpmndi:BPMNLabel>\n      </bpmndi:BPMNEdge>\n      <bpmndi:BPMNEdge id=\"SequenceFlow_0fpkygk_di\" bpmnElement=\"SequenceFlow_0fpkygk\">\n        <di:waypoint xsi:type=\"dc:Point\" x=\"592\" y=\"180\" />\n        <di:waypoint xsi:type=\"dc:Point\" x=\"721\" y=\"180\" />\n        <bpmndi:BPMNLabel>\n          <dc:Bounds x=\"611.5\" y=\"170\" width=\"90\" height=\"20\" />\n        </bpmndi:BPMNLabel>\n      </bpmndi:BPMNEdge>\n      <bpmndi:BPMNEdge id=\"SequenceFlow_0jsvuvu_di\" bpmnElement=\"SequenceFlow_0jsvuvu\">\n        <di:waypoint xsi:type=\"dc:Point\" x=\"841\" y=\"180\" />\n        <di:waypoint xsi:type=\"dc:Point\" x=\"966\" y=\"180\" />\n        <bpmndi:BPMNLabel>\n          <dc:Bounds x=\"858.5\" y=\"170\" width=\"90\" height=\"20\" />\n        </bpmndi:BPMNLabel>\n      </bpmndi:BPMNEdge>\n    </bpmndi:BPMNPlane>\n  </bpmndi:BPMNDiagram>\n</bpmn:definitions>\n',NULL,'2018-02-22 16:12:52'),('eb9b167a-17ea-11e8-b63b-0242ac130002','eb98db1e-17ea-11e8-b63b-0242ac130002','<?xml version=\"1.0\" encoding=\"UTF-8\"?>\n<bpmn:definitions xmlns:bpmn=\"http://www.omg.org/spec/BPMN/20100524/MODEL\" xmlns:bpmndi=\"http://www.omg.org/spec/BPMN/20100524/DI\" xmlns:di=\"http://www.omg.org/spec/DD/20100524/DI\" xmlns:dc=\"http://www.omg.org/spec/DD/20100524/DC\" xmlns:xsi=\"http://www.w3.org/2001/XMLSchema-instance\" id=\"Definitions_1\" targetNamespace=\"http://bpmn.io/schema/bpmn\">\n  <bpmn:process id=\"Process_1\" isExecutable=\"false\">\n    <bpmn:startEvent id=\"StartEvent_1\">\n      <bpmn:outgoing>SequenceFlow_1d9v6ya</bpmn:outgoing>\n    </bpmn:startEvent>\n    <bpmn:vesCollector id=\"VesCollector_1arss4p\">\n      <bpmn:incoming>SequenceFlow_1d9v6ya</bpmn:incoming>\n      <bpmn:outgoing>SequenceFlow_01q83h9</bpmn:outgoing>\n    </bpmn:vesCollector>\n    <bpmn:holmes id=\"Holmes_1gxp0mm\">\n      <bpmn:incoming>SequenceFlow_01q83h9</bpmn:incoming>\n      <bpmn:outgoing>SequenceFlow_1gw4hg3</bpmn:outgoing>\n    </bpmn:holmes>\n    <bpmn:policy id=\"Policy_136qatf\">\n      <bpmn:incoming>SequenceFlow_1gw4hg3</bpmn:incoming>\n      <bpmn:outgoing>SequenceFlow_07go3oi</bpmn:outgoing>\n    </bpmn:policy>\n    <bpmn:endEvent id=\"EndEvent_034z36u\">\n      <bpmn:incoming>SequenceFlow_07go3oi</bpmn:incoming>\n    </bpmn:endEvent>\n    <bpmn:sequenceFlow id=\"SequenceFlow_1d9v6ya\" sourceRef=\"StartEvent_1\" targetRef=\"VesCollector_1arss4p\" />\n    <bpmn:sequenceFlow id=\"SequenceFlow_01q83h9\" sourceRef=\"VesCollector_1arss4p\" targetRef=\"Holmes_1gxp0mm\" />\n    <bpmn:sequenceFlow id=\"SequenceFlow_1gw4hg3\" sourceRef=\"Holmes_1gxp0mm\" targetRef=\"Policy_136qatf\" />\n    <bpmn:sequenceFlow id=\"SequenceFlow_07go3oi\" sourceRef=\"Policy_136qatf\" targetRef=\"EndEvent_034z36u\" />\n  </bpmn:process>\n  <bpmndi:BPMNDiagram id=\"BPMNDiagram_1\">\n    <bpmndi:BPMNPlane id=\"BPMNPlane_1\" bpmnElement=\"Process_1\">\n      <bpmndi:BPMNShape id=\"_BPMNShape_StartEvent_2\" bpmnElement=\"StartEvent_1\">\n        <dc:Bounds x=\"50\" y=\"162\" width=\"36\" height=\"36\" />\n      </bpmndi:BPMNShape>\n      <bpmndi:BPMNShape id=\"VesCollector_1arss4p_di\" bpmnElement=\"VesCollector_1arss4p\">\n        <dc:Bounds x=\"217\" y=\"140\" width=\"120\" height=\"80\" />\n      </bpmndi:BPMNShape>\n      <bpmndi:BPMNShape id=\"Holmes_1gxp0mm_di\" bpmnElement=\"Holmes_1gxp0mm\">\n        <dc:Bounds x=\"463\" y=\"140\" width=\"120\" height=\"80\" />\n      </bpmndi:BPMNShape>\n      <bpmndi:BPMNShape id=\"Policy_136qatf_di\" bpmnElement=\"Policy_136qatf\">\n        <dc:Bounds x=\"713\" y=\"140\" width=\"120\" height=\"80\" />\n      </bpmndi:BPMNShape>\n      <bpmndi:BPMNShape id=\"EndEvent_034z36u_di\" bpmnElement=\"EndEvent_034z36u\">\n        <dc:Bounds x=\"937\" y=\"162\" width=\"36\" height=\"36\" />\n        <bpmndi:BPMNLabel>\n          <dc:Bounds x=\"910\" y=\"198\" width=\"90\" height=\"20\" />\n        </bpmndi:BPMNLabel>\n      </bpmndi:BPMNShape>\n      <bpmndi:BPMNEdge id=\"SequenceFlow_1d9v6ya_di\" bpmnElement=\"SequenceFlow_1d9v6ya\">\n        <di:waypoint xsi:type=\"dc:Point\" x=\"86\" y=\"180\" />\n        <di:waypoint xsi:type=\"dc:Point\" x=\"217\" y=\"180\" />\n        <bpmndi:BPMNLabel>\n          <dc:Bounds x=\"106.5\" y=\"170\" width=\"90\" height=\"20\" />\n        </bpmndi:BPMNLabel>\n      </bpmndi:BPMNEdge>\n      <bpmndi:BPMNEdge id=\"SequenceFlow_01q83h9_di\" bpmnElement=\"SequenceFlow_01q83h9\">\n        <di:waypoint xsi:type=\"dc:Point\" x=\"337\" y=\"180\" />\n        <di:waypoint xsi:type=\"dc:Point\" x=\"463\" y=\"180\" />\n        <bpmndi:BPMNLabel>\n          <dc:Bounds x=\"355\" y=\"170\" width=\"90\" height=\"20\" />\n        </bpmndi:BPMNLabel>\n      </bpmndi:BPMNEdge>\n      <bpmndi:BPMNEdge id=\"SequenceFlow_1gw4hg3_di\" bpmnElement=\"SequenceFlow_1gw4hg3\">\n        <di:waypoint xsi:type=\"dc:Point\" x=\"583\" y=\"180\" />\n        <di:waypoint xsi:type=\"dc:Point\" x=\"713\" y=\"180\" />\n        <bpmndi:BPMNLabel>\n          <dc:Bounds x=\"603\" y=\"170\" width=\"90\" height=\"20\" />\n        </bpmndi:BPMNLabel>\n      </bpmndi:BPMNEdge>\n      <bpmndi:BPMNEdge id=\"SequenceFlow_07go3oi_di\" bpmnElement=\"SequenceFlow_07go3oi\">\n        <di:waypoint xsi:type=\"dc:Point\" x=\"833\" y=\"180\" />\n        <di:waypoint xsi:type=\"dc:Point\" x=\"937\" y=\"180\" />\n        <bpmndi:BPMNLabel>\n          <dc:Bounds x=\"840\" y=\"170\" width=\"90\" height=\"20\" />\n        </bpmndi:BPMNLabel>\n      </bpmndi:BPMNEdge>\n    </bpmndi:BPMNPlane>\n  </bpmndi:BPMNDiagram>\n</bpmn:definitions>\n',NULL,'2018-02-22 16:10:37');
/*!40000 ALTER TABLE `template_bpmn` ENABLE KEYS */;
UNLOCK TABLES;

--
-- Dumping data for table `template_doc`
--

LOCK TABLES `template_doc` WRITE;
/*!40000 ALTER TABLE `template_doc` DISABLE KEYS */;
INSERT INTO `template_doc` VALUES ('04ebec9b-17eb-11e8-b63b-0242ac130002','04e43cfa-17eb-11e8-b63b-0242ac130002','{}',NULL,'2018-02-22 16:11:20'),('27b1a0c9-17eb-11e8-b63b-0242ac130002','27aa4250-17eb-11e8-b63b-0242ac130002','{\"global\":[{\"name\":\"service\",\"value\":[\"tosca_definitions_version: cloudify_dsl_1_3\\r\\nimports:\\r\\n- http://www.getcloudify.org/spec/cloudify/3.4/types.yaml\\r\\n- https://test.onap.org:8443/repository/solutioning01-mte2-raw/type_files/docker/2.2.0/node-type.yaml\\r\\n- https://test.onap.org:8443/repository/solutioning01-mte2-raw/type_files/relationship/1.0.0/node-type.yaml\\r\\n- http://test.onap.org:8081/repository/solutioning01-mte2-raw/type_files/dmaap/dmaap_mr.yaml\\r\\ninputs:\\r\\n  location_id:\\r\\n    type: string\\r\\n  service_id:\\r\\n    type: string\\r\\nnode_templates:\\r\\n  cdap_host_host:\\r\\n    type: dcae.nodes.StreamingAnalytics.SelectedCDAPInfrastructure\\r\\n    properties:\\r\\n      location_id:\\r\\n        get_input: location_id\\r\\n      scn_override: cdap_broker.solutioning-central.dcae.onap.org\\r\\n    interfaces:\\r\\n      cloudify.interfaces.lifecycle: {}\\r\\n  tca_tca:\\r\\n    type: dcae.nodes.MicroService.cdap\\r\\n    properties:\\r\\n      app_config:\\r\\n        appDescription: DCAE Analytics Threshold Crossing Alert Application\\r\\n        appName: dcae-tca\\r\\n        tcaSubscriberOutputStreamName: TCASubscriberOutputStream\\r\\n        tcaVESAlertsTableName: TCAVESAlertsTable\\r\\n        tcaVESAlertsTableTTLSeconds: \'1728000\'\\r\\n        tcaVESMessageStatusTableName: TCAVESMessageStatusTable\\r\\n        tcaVESMessageStatusTableTTLSeconds: \'86400\'\\r\\n        thresholdCalculatorFlowletInstances: \'2\'\\r\\n      app_preferences:\\r\\n        publisherContentType: application/json\\r\\n        publisherHostName: test.onap.org\\r\\n        publisherHostPort: \'3905\'\\r\\n        publisherMaxBatchSize: \'10\'\\r\\n        publisherMaxRecoveryQueueSize: \'100000\'\\r\\n        publisherPollingInterval: \'20000\'\\r\\n        publisherProtocol: https\\r\\n        publisherTopicName: org.onap.dcae.dmaap.DcaeTestVESPub\\r\\n        publisherUserName: user@onap.org\\r\\n        publisherUserPassword: password\\r\\n        subscriberConsumerGroup: OpenDCAE-c12\\r\\n        subscriberConsumerId: c12\\r\\n        subscriberContentType: application/json\\r\\n        subscriberHostName: test.onap.org\\r\\n        subscriberHostPort: \'3905\'\\r\\n        subscriberMessageLimit: \'-1\'\\r\\n        subscriberPollingInterval: \'20000\'\\r\\n        subscriberProtocol: https\\r\\n        subscriberTimeoutMS: \'-1\'\\r\\n        subscriberTopicName: org.onap.dcae.dmaap.mtnje2.DcaeTestVESSub\\r\\n        subscriberUserName: user@test.onap.org\\r\\n        subscriberUserPasswordpasswordbc\\r\\n        tca_policy: \\r\\n      artifact_name: dcae-analytics-tca\\r\\n      artifact_version: 1.0.0\\r\\n      connections:\\r\\n        streams_publishes: []\\r\\n        streams_subscribes: []\\r\\n      jar_url: http://somejar\\r\\n      location_id:\\r\\n        get_input: location_id\\r\\n      namespace: cdap_tca_hi_lo\\r\\n      programs:\\r\\n      - program_id: TCAVESCollectorFlow\\r\\n        program_type: flows\\r\\n      - program_id: TCADMaaPMRSubscriberWorker\\r\\n        program_type: workers\\r\\n      - program_id: TCADMaaPMRPublisherWorker\\r\\n        program_type: workers\\r\\n      service_component_type: cdap_app_tca\\r\\n      service_id:\\r\\n        get_input: service_id\\r\\n      streamname: TCASubscriberOutputStream\\r\\n    relationships:\\r\\n    - target: cdap_host_host\\r\\n      type: dcae.relationships.component_contained_in\\r\\n\"]}]}',NULL,'2018-02-22 16:12:18'),('3c0d7849-17eb-11e8-b63b-0242ac130002','3c02f310-17eb-11e8-b63b-0242ac130002','{\"global\":[{\"name\":\"service\",\"value\":[\"tosca_definitions_version: cloudify_dsl_1_3\\r\\nimports:\\r\\n- http://www.getcloudify.org/spec/cloudify/3.4/types.yaml\\r\\n- https://test.onap.org:8443/repository/solutioning01-mte2-raw/type_files/docker/2.2.0/node-type.yaml\\r\\n- https://test.onap.org:8443/repository/solutioning01-mte2-raw/type_files/relationship/1.0.0/node-type.yaml\\r\\n- http://test.onap.org:8081/repository/solutioning01-mte2-raw/type_files/dmaap/dmaap_mr.yaml\\r\\ninputs:\\r\\n  location_id:\\r\\n    type: string\\r\\n  service_id:\\r\\n    type: string\\r\\nnode_templates:\\r\\n  cdap_host_host:\\r\\n    type: dcae.nodes.StreamingAnalytics.SelectedCDAPInfrastructure\\r\\n    properties:\\r\\n      location_id:\\r\\n        get_input: location_id\\r\\n      scn_override: cdap_broker.solutioning-central.dcae.onap.org\\r\\n    interfaces:\\r\\n      cloudify.interfaces.lifecycle: {}\\r\\n  tca_tca:\\r\\n    type: dcae.nodes.MicroService.cdap\\r\\n    properties:\\r\\n      app_config:\\r\\n        appDescription: DCAE Analytics Threshold Crossing Alert Application\\r\\n        appName: dcae-tca\\r\\n        tcaSubscriberOutputStreamName: TCASubscriberOutputStream\\r\\n        tcaVESAlertsTableName: TCAVESAlertsTable\\r\\n        tcaVESAlertsTableTTLSeconds: \'1728000\'\\r\\n        tcaVESMessageStatusTableName: TCAVESMessageStatusTable\\r\\n        tcaVESMessageStatusTableTTLSeconds: \'86400\'\\r\\n        thresholdCalculatorFlowletInstances: \'2\'\\r\\n      app_preferences:\\r\\n        publisherContentType: application/json\\r\\n        publisherHostName: test.homer.onap.org\\r\\n        publisherHostPort: \'3905\'\\r\\n        publisherMaxBatchSize: \'10\'\\r\\n        publisherMaxRecoveryQueueSize: \'100000\'\\r\\n        publisherPollingInterval: \'20000\'\\r\\n        publisherProtocol: https\\r\\n        publisherTopicName: org.onap.dcae.dmaap.mtnje2.DcaeTestVESPub\\r\\n        publisherUserName: user@tca.af.dcae.onap.org\\r\\n        publisherUserPasswordpasswordbc\\r\\n        subscriberConsumerGroup: OpenDCAE-c12\\r\\n        subscriberConsumerId: c12\\r\\n        subscriberContentType: application/json\\r\\n        subscriberHostName: test.homer.onap.org\\r\\n        subscriberHostPort: \'3905\'\\r\\n        subscriberMessageLimit: \'-1\'\\r\\n        subscriberPollingInterval: \'20000\'\\r\\n        subscriberProtocol: https\\r\\n        subscriberTimeoutMS: \'-1\'\\r\\n        subscriberTopicName: org.onap.dcae.dmaap.mtnje2.DcaeTestVESSub\\r\\n        subscriberUserName: user@tca.af.dcae.onap.org\\r\\n        subscriberUserPasswordpasswordbc\\r\\n        tca_policy: \\r\\n      artifact_name: dcae-analytics-tca\\r\\n      artifact_version: 1.0.0\\r\\n      connections:\\r\\n        streams_publishes: []\\r\\n        streams_subscribes: []\\r\\n      jar_url: http://somejar\\r\\n      location_id:\\r\\n        get_input: location_id\\r\\n      namespace: cdap_tca_hi_lo\\r\\n      programs:\\r\\n      - program_id: TCAVESCollectorFlow\\r\\n        program_type: flows\\r\\n      - program_id: TCADMaaPMRSubscriberWorker\\r\\n        program_type: workers\\r\\n      - program_id: TCADMaaPMRPublisherWorker\\r\\n        program_type: workers\\r\\n      service_component_type: cdap_app_tca\\r\\n      service_id:\\r\\n        get_input: service_id\\r\\n      streamname: TCASubscriberOutputStream\\r\\n    relationships:\\r\\n    - target: cdap_host_host\\r\\n      type: dcae.relationships.component_contained_in\\r\\n\"]}]}',NULL,'2018-02-22 16:12:52'),('eb9f5d1c-17ea-11e8-b63b-0242ac130002','eb98db1e-17ea-11e8-b63b-0242ac130002','{}',NULL,'2018-02-22 16:10:37');
/*!40000 ALTER TABLE `template_doc` ENABLE KEYS */;
UNLOCK TABLES;

--
-- Dumping data for table `template_image`
--

LOCK TABLES `template_image` WRITE;
/*!40000 ALTER TABLE `template_image` DISABLE KEYS */;
INSERT INTO `template_image` VALUES ('04e8852e-17eb-11e8-b63b-0242ac130002','04e43cfa-17eb-11e8-b63b-0242ac130002','<?xml version=\"1.0\" encoding=\"utf-8\"?>\n<!-- created with bpmn-js / http://bpmn.io -->\n<!DOCTYPE svg PUBLIC \"-//W3C//DTD SVG 1.1//EN\" \"http://www.w3.org/Graphics/SVG/1.1/DTD/svg11.dtd\">\n<svg xmlns=\"http://www.w3.org/2000/svg\" xmlns:xlink=\"http://www.w3.org/1999/xlink\" width=\"900\" height=\"92\" viewBox=\"44 134 900 92\" version=\"1.1\"><defs><marker viewBox=\"0 0 20 20\" markerWidth=\"10\" markerHeight=\"10\" orient=\"auto\" refX=\"11\" refY=\"10\" id=\"markerSjdype4kmbu\"><path d=\"M 1 5 L 11 10 L 1 15 Z\" style=\"stroke-width: 1; stroke-linecap: round; stroke-dasharray: 10000, 1;\" fill=\"#000000\"/></marker><marker viewBox=\"0 0 20 20\" markerWidth=\"20\" markerHeight=\"20\" orient=\"auto\" refX=\"6\" refY=\"6\" id=\"markerSjdype4kmbw\"><circle cx=\"6\" cy=\"6\" r=\"3.5\" style=\"stroke-width: 1; stroke-linecap: round; stroke-dasharray: 10000, 1;\" fill=\"#ffffff\" stroke=\"#000000\"/></marker><marker viewBox=\"0 0 20 20\" markerWidth=\"20\" markerHeight=\"20\" orient=\"auto\" refX=\"8.5\" refY=\"5\" id=\"markerSjdype4kmby\"><path d=\"m 1 5 l 0 -3 l 7 3 l -7 3 z\" style=\"stroke-width: 1; stroke-linecap: butt; stroke-dasharray: 10000, 1;\" fill=\"#ffffff\" stroke=\"#000000\"/></marker><marker viewBox=\"0 0 20 20\" markerWidth=\"10\" markerHeight=\"10\" orient=\"auto\" refX=\"11\" refY=\"10\" id=\"markerSjdype4kmc0\"><path d=\"M 1 5 L 11 10 L 1 15\" style=\"stroke-width: 1; stroke-linecap: round; stroke-dasharray: 10000, 1;\" fill=\"#ffffff\" stroke=\"#000000\"/></marker><marker viewBox=\"0 0 20 20\" markerWidth=\"10\" markerHeight=\"10\" orient=\"auto\" refX=\"-1\" refY=\"10\" id=\"markerSjdype4kmc2\"><path d=\"M 0 10 L 8 6 L 16 10 L 8 14 Z\" style=\"stroke-width: 1; stroke-linecap: round; stroke-dasharray: 10000, 1;\" fill=\"#ffffff\" stroke=\"#000000\"/></marker><marker viewBox=\"0 0 20 20\" markerWidth=\"10\" markerHeight=\"10\" orient=\"auto\" refX=\"-5\" refY=\"10\" id=\"markerSjdype4kmc4\"><path d=\"M 1 4 L 5 16\" style=\"stroke-width: 1; stroke-linecap: round; stroke-dasharray: 10000, 1;\" fill=\"#000000\" stroke=\"#000000\"/></marker></defs><g class=\"djs-group\" xmlns=\"http://www.w3.org/2000/svg\"><g class=\"djs-element djs-shape\" data-element-id=\"StartEvent_1\" transform=\"matrix(1,0,0,1,50,162)\" style=\"display: block;\"><rect fill=\"none\" class=\"djs-outline\" x=\"-6\" y=\"-6\" width=\"48\" height=\"48\"></rect><g class=\"djs-visual\"><circle cx=\"18\" cy=\"18\" r=\"18\" style=\"stroke-width: 2;\" stroke=\"#000000\" fill=\"#ffffff\"></circle></g><rect x=\"0\" y=\"0\" width=\"36\" height=\"36\" style=\"stroke-opacity: 0; stroke-width: 15;\" fill=\"none\" stroke=\"#ffffff\" class=\"djs-hit\"></rect></g></g><g class=\"djs-group\" xmlns=\"http://www.w3.org/2000/svg\"><g class=\"djs-element djs-shape\" data-element-id=\"StartEvent_1_label\" transform=\"matrix(1,0,0,1,23,198)\" style=\"display: none;\"><rect fill=\"none\" class=\"djs-outline\" x=\"-6\" y=\"-6\" width=\"102\" height=\"32\"></rect><g class=\"djs-visual\"><text style=\"font-family: Arial,sans-serif; font-size: 11px;\" class=\" djs-label\"><tspan x=\"45\" y=\"0\"></tspan></text></g><rect x=\"0\" y=\"0\" width=\"90\" height=\"20\" style=\"stroke-opacity: 0; stroke-width: 15;\" fill=\"none\" stroke=\"#ffffff\" class=\"djs-hit\"></rect></g></g><g class=\"djs-group\" xmlns=\"http://www.w3.org/2000/svg\"><g class=\"djs-element djs-shape\" data-element-id=\"Holmes_0bsv00m\" transform=\"matrix(1,0,0,1,438,140)\" style=\"display: block;\"><rect fill=\"none\" class=\"djs-outline\" x=\"-6\" y=\"-6\" width=\"132\" height=\"92\"></rect><g class=\"djs-visual\"><rect x=\"0\" y=\"0\" width=\"120\" height=\"80\" rx=\"0\" ry=\"0\" style=\"stroke-width: 2;\" stroke=\"#000000\" fill=\"#ffffff\"></rect><circle cx=\"15\" cy=\"15\" r=\"10\" style=\"stroke-width: 1;\" stroke=\"#000000\" fill=\"#ffffff\"></circle><text style=\"font-family: Arial,sans-serif; font-size: 12px;\"><tspan x=\"11\" y=\"20\">H</tspan></text><text style=\"font-family: Arial,sans-serif; font-size: 12px;\" class=\" djs-label\"><tspan x=\"39\" y=\"43.5\">Holmes</tspan></text></g><rect x=\"0\" y=\"0\" width=\"120\" height=\"80\" style=\"stroke-opacity: 0; stroke-width: 15;\" fill=\"none\" stroke=\"#ffffff\" class=\"djs-hit\"></rect></g></g><g class=\"djs-group\" xmlns=\"http://www.w3.org/2000/svg\"><g class=\"djs-element djs-shape\" data-element-id=\"VesCollector_1ljyqg8\" transform=\"matrix(1,0,0,1,213,140)\" style=\"display: block;\"><rect fill=\"none\" class=\"djs-outline\" x=\"-6\" y=\"-6\" width=\"132\" height=\"92\"></rect><g class=\"djs-visual\"><rect x=\"0\" y=\"0\" width=\"120\" height=\"80\" rx=\"0\" ry=\"0\" style=\"stroke-width: 2;\" stroke=\"#000000\" fill=\"#ffffff\"></rect><polyline points=\"120,80 120,20 \" style=\"stroke-width: 2;\" fill=\"none\" stroke=\"#000000\"></polyline><polyline points=\"20,0 20,80 \" style=\"stroke-width: 2;\" fill=\"none\" stroke=\"#000000\"></polyline><text style=\"font-family: Arial,sans-serif; font-size: 12px;\"><tspan x=\"5\" y=\"14\">V</tspan></text><text style=\"font-family: Arial,sans-serif; font-size: 12px;\"><tspan x=\"5\" y=\"26\">E</tspan></text><text style=\"font-family: Arial,sans-serif; font-size: 12px;\"><tspan x=\"5\" y=\"38\">S</tspan></text><text style=\"font-family: Arial,sans-serif; font-size: 12px;\" class=\" djs-label\"><tspan x=\"25.5\" y=\"43.5\">VesCollector</tspan></text></g><rect x=\"0\" y=\"0\" width=\"120\" height=\"80\" style=\"stroke-opacity: 0; stroke-width: 15;\" fill=\"none\" stroke=\"#ffffff\" class=\"djs-hit\"></rect></g></g><g class=\"djs-group\" xmlns=\"http://www.w3.org/2000/svg\"><g class=\"djs-element djs-shape\" data-element-id=\"Policy_114xo8j\" transform=\"matrix(1,0,0,1,678,140)\" style=\"display: block;\"><rect fill=\"none\" class=\"djs-outline\" x=\"-6\" y=\"-6\" width=\"132\" height=\"92\"></rect><g class=\"djs-visual\"><rect x=\"0\" y=\"0\" width=\"120\" height=\"80\" rx=\"0\" ry=\"0\" style=\"stroke-width: 2;\" stroke=\"#000000\" fill=\"#ffffff\"></rect><polyline points=\"0,40 60,0 \" style=\"stroke-width: 2;\" fill=\"none\" stroke=\"#000000\"></polyline><text style=\"font-family: Arial,sans-serif; font-size: 12px;\" class=\" djs-label\"><tspan x=\"43.5\" y=\"43.5\">Policy</tspan></text></g><rect x=\"0\" y=\"0\" width=\"120\" height=\"80\" style=\"stroke-opacity: 0; stroke-width: 15;\" fill=\"none\" stroke=\"#ffffff\" class=\"djs-hit\"></rect></g></g><g class=\"djs-group\" xmlns=\"http://www.w3.org/2000/svg\"><g class=\"djs-element djs-shape selected\" data-element-id=\"EndEvent_0b4m6bk\" transform=\"matrix(1,0,0,1,901,162)\" style=\"display: block;\"><rect fill=\"none\" class=\"djs-outline\" x=\"-6\" y=\"-6\" width=\"48\" height=\"48\"></rect><g class=\"djs-visual\"><circle cx=\"18\" cy=\"18\" r=\"18\" style=\"stroke-width: 4;\" stroke=\"#000000\" fill=\"#ffffff\"></circle></g><rect x=\"0\" y=\"0\" width=\"36\" height=\"36\" style=\"stroke-opacity: 0; stroke-width: 15;\" fill=\"none\" stroke=\"#ffffff\" class=\"djs-hit\"></rect><g class=\" djs-resizer djs-resizer-nw\" transform=\"matrix(1,0,0,1,0,0)\"><rect x=\"-7\" y=\"-7\" width=\"5\" height=\"5\" class=\" djs-resizer-visual\"></rect><rect x=\"-7\" y=\"-7\" width=\"20\" height=\"20\" class=\" djs-resizer-hit\"></rect></g><g class=\" djs-resizer djs-resizer-ne\" transform=\"matrix(0,1,-1,0,36,0)\"><rect x=\"-7\" y=\"-7\" width=\"5\" height=\"5\" class=\" djs-resizer-visual\"></rect><rect x=\"-7\" y=\"-7\" width=\"20\" height=\"20\" class=\" djs-resizer-hit\"></rect></g><g class=\" djs-resizer djs-resizer-se\" transform=\"matrix(-1,0,0,-1,36,36)\"><rect x=\"-7\" y=\"-7\" width=\"5\" height=\"5\" class=\" djs-resizer-visual\"></rect><rect x=\"-7\" y=\"-7\" width=\"20\" height=\"20\" class=\" djs-resizer-hit\"></rect></g><g class=\" djs-resizer djs-resizer-sw\" transform=\"matrix(0,-1,1,0,0,36)\"><rect x=\"-7\" y=\"-7\" width=\"5\" height=\"5\" class=\" djs-resizer-visual\"></rect><rect x=\"-7\" y=\"-7\" width=\"20\" height=\"20\" class=\" djs-resizer-hit\"></rect></g></g></g><g class=\"djs-group\" xmlns=\"http://www.w3.org/2000/svg\"><g class=\"djs-element djs-shape\" data-element-id=\"EndEvent_0b4m6bk_label\" transform=\"matrix(1,0,0,1,874,198)\" style=\"display: none;\"><rect fill=\"none\" class=\"djs-outline\" x=\"-6\" y=\"-6\" width=\"102\" height=\"32\"></rect><g class=\"djs-visual\"><text style=\"font-family: Arial,sans-serif; font-size: 11px;\" class=\" djs-label\"><tspan x=\"45\" y=\"0\"></tspan></text></g><rect x=\"0\" y=\"0\" width=\"90\" height=\"20\" style=\"stroke-opacity: 0; stroke-width: 15;\" fill=\"none\" stroke=\"#ffffff\" class=\"djs-hit\"></rect></g></g><g class=\"djs-group\" xmlns=\"http://www.w3.org/2000/svg\"><g class=\"djs-element djs-connection\" data-element-id=\"SequenceFlow_1c9hzec\" style=\"display: block;\"><rect fill=\"none\" class=\"djs-outline\" x=\"80\" y=\"174\" width=\"139\" height=\"12\"></rect><g class=\"djs-visual\"><path d=\"m  86,180L213,180 \" style=\"stroke-width: 2; stroke-linejoin: round; marker-end: url(&quot;#markerSjdype4kmbu&quot;);\" fill=\"none\" stroke=\"#000000\"></path></g><polyline points=\"86,180 213,180 \" style=\"stroke-opacity: 0; stroke-width: 15;\" fill=\"none\" stroke=\"#ffffff\" class=\"djs-hit\"></polyline></g></g><g class=\"djs-group\" xmlns=\"http://www.w3.org/2000/svg\"><g class=\"djs-element djs-shape\" data-element-id=\"SequenceFlow_1c9hzec_label\" transform=\"matrix(1,0,0,1,104.5,170)\" style=\"display: none;\"><rect fill=\"none\" class=\"djs-outline\" x=\"-6\" y=\"-6\" width=\"102\" height=\"32\"></rect><g class=\"djs-visual\"><text style=\"font-family: Arial,sans-serif; font-size: 11px;\" class=\" djs-label\"><tspan x=\"45\" y=\"0\"></tspan></text></g><rect x=\"0\" y=\"0\" width=\"90\" height=\"20\" style=\"stroke-opacity: 0; stroke-width: 15;\" fill=\"none\" stroke=\"#ffffff\" class=\"djs-hit\"></rect></g></g><g class=\"djs-group\" xmlns=\"http://www.w3.org/2000/svg\"><g class=\"djs-element djs-connection\" data-element-id=\"SequenceFlow_1ig3gix\" style=\"display: block;\"><rect fill=\"none\" class=\"djs-outline\" x=\"327\" y=\"174\" width=\"117\" height=\"12\"></rect><g class=\"djs-visual\"><path d=\"m  333,180L438,180 \" style=\"stroke-width: 2; stroke-linejoin: round; marker-end: url(&quot;#markerSjdype4kmbu&quot;);\" fill=\"none\" stroke=\"#000000\"></path></g><polyline points=\"333,180 438,180 \" style=\"stroke-opacity: 0; stroke-width: 15;\" fill=\"none\" stroke=\"#ffffff\" class=\"djs-hit\"></polyline></g></g><g class=\"djs-group\" xmlns=\"http://www.w3.org/2000/svg\"><g class=\"djs-element djs-shape\" data-element-id=\"SequenceFlow_1ig3gix_label\" transform=\"matrix(1,0,0,1,340.5,170)\" style=\"display: none;\"><rect fill=\"none\" class=\"djs-outline\" x=\"-6\" y=\"-6\" width=\"102\" height=\"32\"></rect><g class=\"djs-visual\"><text style=\"font-family: Arial,sans-serif; font-size: 11px;\" class=\" djs-label\"><tspan x=\"45\" y=\"0\"></tspan></text></g><rect x=\"0\" y=\"0\" width=\"90\" height=\"20\" style=\"stroke-opacity: 0; stroke-width: 15;\" fill=\"none\" stroke=\"#ffffff\" class=\"djs-hit\"></rect></g></g><g class=\"djs-group\" xmlns=\"http://www.w3.org/2000/svg\"><g class=\"djs-element djs-connection\" data-element-id=\"SequenceFlow_0zwbn2r\" style=\"display: block;\"><rect fill=\"none\" class=\"djs-outline\" x=\"552\" y=\"174\" width=\"132\" height=\"12\"></rect><g class=\"djs-visual\"><path d=\"m  558,180L678,180 \" style=\"stroke-width: 2; stroke-linejoin: round; marker-end: url(&quot;#markerSjdype4kmbu&quot;);\" fill=\"none\" stroke=\"#000000\"></path></g><polyline points=\"558,180 678,180 \" style=\"stroke-opacity: 0; stroke-width: 15;\" fill=\"none\" stroke=\"#ffffff\" class=\"djs-hit\"></polyline></g></g><g class=\"djs-group\" xmlns=\"http://www.w3.org/2000/svg\"><g class=\"djs-element djs-shape\" data-element-id=\"SequenceFlow_0zwbn2r_label\" transform=\"matrix(1,0,0,1,573,170)\" style=\"display: none;\"><rect fill=\"none\" class=\"djs-outline\" x=\"-6\" y=\"-6\" width=\"102\" height=\"32\"></rect><g class=\"djs-visual\"><text style=\"font-family: Arial,sans-serif; font-size: 11px;\" class=\" djs-label\"><tspan x=\"45\" y=\"0\"></tspan></text></g><rect x=\"0\" y=\"0\" width=\"90\" height=\"20\" style=\"stroke-opacity: 0; stroke-width: 15;\" fill=\"none\" stroke=\"#ffffff\" class=\"djs-hit\"></rect></g></g><g class=\"djs-group\" xmlns=\"http://www.w3.org/2000/svg\"><g class=\"djs-element djs-connection\" data-element-id=\"SequenceFlow_0ox6r95\" style=\"display: block;\"><rect fill=\"none\" class=\"djs-outline\" x=\"792\" y=\"174\" width=\"115\" height=\"12\"></rect><g class=\"djs-visual\"><path d=\"m  798,180L901,180 \" style=\"stroke-width: 2; stroke-linejoin: round; marker-end: url(&quot;#markerSjdype4kmbu&quot;);\" fill=\"none\" stroke=\"#000000\"></path></g><polyline points=\"798,180 901,180 \" style=\"stroke-opacity: 0; stroke-width: 15;\" fill=\"none\" stroke=\"#ffffff\" class=\"djs-hit\"></polyline></g></g><g class=\"djs-group\" xmlns=\"http://www.w3.org/2000/svg\"><g class=\"djs-element djs-shape\" data-element-id=\"SequenceFlow_0ox6r95_label\" transform=\"matrix(1,0,0,1,804.5,170)\" style=\"display: none;\"><rect fill=\"none\" class=\"djs-outline\" x=\"-6\" y=\"-6\" width=\"102\" height=\"32\"></rect><g class=\"djs-visual\"><text style=\"font-family: Arial,sans-serif; font-size: 11px;\" class=\" djs-label\"><tspan x=\"45\" y=\"0\"></tspan></text></g><rect x=\"0\" y=\"0\" width=\"90\" height=\"20\" style=\"stroke-opacity: 0; stroke-width: 15;\" fill=\"none\" stroke=\"#ffffff\" class=\"djs-hit\"></rect></g></g></svg>',NULL,'2018-02-22 16:11:20'),('27adc7b8-17eb-11e8-b63b-0242ac130002','27aa4250-17eb-11e8-b63b-0242ac130002','<?xml version=\"1.0\" encoding=\"utf-8\"?>\n<!-- created with bpmn-js / http://bpmn.io -->\n<!DOCTYPE svg PUBLIC \"-//W3C//DTD SVG 1.1//EN\" \"http://www.w3.org/Graphics/SVG/1.1/DTD/svg11.dtd\">\n<svg xmlns=\"http://www.w3.org/2000/svg\" xmlns:xlink=\"http://www.w3.org/1999/xlink\" width=\"924\" height=\"92\" viewBox=\"44 134 924 92\" version=\"1.1\"><defs><marker viewBox=\"0 0 20 20\" markerWidth=\"10\" markerHeight=\"10\" orient=\"auto\" refX=\"11\" refY=\"10\" id=\"markerSjdype4kmnw\"><path d=\"M 1 5 L 11 10 L 1 15 Z\" style=\"stroke-width: 1; stroke-linecap: round; stroke-dasharray: 10000, 1;\" fill=\"#000000\"/></marker><marker viewBox=\"0 0 20 20\" markerWidth=\"20\" markerHeight=\"20\" orient=\"auto\" refX=\"6\" refY=\"6\" id=\"markerSjdype4kmny\"><circle cx=\"6\" cy=\"6\" r=\"3.5\" style=\"stroke-width: 1; stroke-linecap: round; stroke-dasharray: 10000, 1;\" fill=\"#ffffff\" stroke=\"#000000\"/></marker><marker viewBox=\"0 0 20 20\" markerWidth=\"20\" markerHeight=\"20\" orient=\"auto\" refX=\"8.5\" refY=\"5\" id=\"markerSjdype4kmo0\"><path d=\"m 1 5 l 0 -3 l 7 3 l -7 3 z\" style=\"stroke-width: 1; stroke-linecap: butt; stroke-dasharray: 10000, 1;\" fill=\"#ffffff\" stroke=\"#000000\"/></marker><marker viewBox=\"0 0 20 20\" markerWidth=\"10\" markerHeight=\"10\" orient=\"auto\" refX=\"11\" refY=\"10\" id=\"markerSjdype4kmo2\"><path d=\"M 1 5 L 11 10 L 1 15\" style=\"stroke-width: 1; stroke-linecap: round; stroke-dasharray: 10000, 1;\" fill=\"#ffffff\" stroke=\"#000000\"/></marker><marker viewBox=\"0 0 20 20\" markerWidth=\"10\" markerHeight=\"10\" orient=\"auto\" refX=\"-1\" refY=\"10\" id=\"markerSjdype4kmo4\"><path d=\"M 0 10 L 8 6 L 16 10 L 8 14 Z\" style=\"stroke-width: 1; stroke-linecap: round; stroke-dasharray: 10000, 1;\" fill=\"#ffffff\" stroke=\"#000000\"/></marker><marker viewBox=\"0 0 20 20\" markerWidth=\"10\" markerHeight=\"10\" orient=\"auto\" refX=\"-5\" refY=\"10\" id=\"markerSjdype4kmo6\"><path d=\"M 1 4 L 5 16\" style=\"stroke-width: 1; stroke-linecap: round; stroke-dasharray: 10000, 1;\" fill=\"#000000\" stroke=\"#000000\"/></marker></defs><g class=\"djs-group\" xmlns=\"http://www.w3.org/2000/svg\"><g class=\"djs-element djs-shape\" data-element-id=\"StartEvent_1\" transform=\"matrix(1,0,0,1,50,162)\" style=\"display: block;\"><rect fill=\"none\" class=\"djs-outline\" x=\"-6\" y=\"-6\" width=\"48\" height=\"48\"></rect><g class=\"djs-visual\"><circle cx=\"18\" cy=\"18\" r=\"18\" style=\"stroke-width: 2;\" stroke=\"#000000\" fill=\"#ffffff\"></circle></g><rect x=\"0\" y=\"0\" width=\"36\" height=\"36\" style=\"stroke-opacity: 0; stroke-width: 15;\" fill=\"none\" stroke=\"#ffffff\" class=\"djs-hit\"></rect></g></g><g class=\"djs-group\" xmlns=\"http://www.w3.org/2000/svg\"><g class=\"djs-element djs-shape\" data-element-id=\"StartEvent_1_label\" transform=\"matrix(1,0,0,1,23,198)\" style=\"display: none;\"><rect fill=\"none\" class=\"djs-outline\" x=\"-6\" y=\"-6\" width=\"102\" height=\"32\"></rect><g class=\"djs-visual\"><text style=\"font-family: Arial,sans-serif; font-size: 11px;\" class=\" djs-label\"><tspan x=\"45\" y=\"0\"></tspan></text></g><rect x=\"0\" y=\"0\" width=\"90\" height=\"20\" style=\"stroke-opacity: 0; stroke-width: 15;\" fill=\"none\" stroke=\"#ffffff\" class=\"djs-hit\"></rect></g></g><g class=\"djs-group\" xmlns=\"http://www.w3.org/2000/svg\"><g class=\"djs-element djs-shape\" data-element-id=\"VesCollector_1g9cmz0\" transform=\"matrix(1,0,0,1,207,140)\" style=\"display: block;\"><rect fill=\"none\" class=\"djs-outline\" x=\"-6\" y=\"-6\" width=\"132\" height=\"92\"></rect><g class=\"djs-visual\"><rect x=\"0\" y=\"0\" width=\"120\" height=\"80\" rx=\"0\" ry=\"0\" style=\"stroke-width: 2;\" stroke=\"#000000\" fill=\"#ffffff\"></rect><polyline points=\"120,80 120,20 \" style=\"stroke-width: 2;\" fill=\"none\" stroke=\"#000000\"></polyline><polyline points=\"20,0 20,80 \" style=\"stroke-width: 2;\" fill=\"none\" stroke=\"#000000\"></polyline><text style=\"font-family: Arial,sans-serif; font-size: 12px;\"><tspan x=\"5\" y=\"14\">V</tspan></text><text style=\"font-family: Arial,sans-serif; font-size: 12px;\"><tspan x=\"5\" y=\"26\">E</tspan></text><text style=\"font-family: Arial,sans-serif; font-size: 12px;\"><tspan x=\"5\" y=\"38\">S</tspan></text><text style=\"font-family: Arial,sans-serif; font-size: 12px;\" class=\" djs-label\"><tspan x=\"25.5\" y=\"43.5\">VesCollector</tspan></text></g><rect x=\"0\" y=\"0\" width=\"120\" height=\"80\" style=\"stroke-opacity: 0; stroke-width: 15;\" fill=\"none\" stroke=\"#ffffff\" class=\"djs-hit\"></rect></g></g><g class=\"djs-group\" xmlns=\"http://www.w3.org/2000/svg\"><g class=\"djs-element djs-shape\" data-element-id=\"TCA_1d13unw\" transform=\"matrix(1,0,0,1,453,140)\" style=\"display: block;\"><rect fill=\"none\" class=\"djs-outline\" x=\"-6\" y=\"-6\" width=\"132\" height=\"92\"></rect><g class=\"djs-visual\"><rect x=\"0\" y=\"0\" width=\"120\" height=\"80\" rx=\"0\" ry=\"0\" style=\"stroke-width: 2;\" stroke=\"#000000\" fill=\"#ffffff\"></rect><polyline points=\"0,60 120,60 \" style=\"stroke-width: 2;\" fill=\"none\" stroke=\"#000000\"></polyline><text style=\"font-family: Arial,sans-serif; font-size: 12px;\" class=\" djs-label\"><tspan x=\"48\" y=\"43.5\">TCA</tspan></text></g><rect x=\"0\" y=\"0\" width=\"120\" height=\"80\" style=\"stroke-opacity: 0; stroke-width: 15;\" fill=\"none\" stroke=\"#ffffff\" class=\"djs-hit\"></rect></g></g><g class=\"djs-group\" xmlns=\"http://www.w3.org/2000/svg\"><g class=\"djs-element djs-shape\" data-element-id=\"Policy_12lup3h\" transform=\"matrix(1,0,0,1,687,140)\" style=\"display: block;\"><rect fill=\"none\" class=\"djs-outline\" x=\"-6\" y=\"-6\" width=\"132\" height=\"92\"></rect><g class=\"djs-visual\"><rect x=\"0\" y=\"0\" width=\"120\" height=\"80\" rx=\"0\" ry=\"0\" style=\"stroke-width: 2;\" stroke=\"#000000\" fill=\"#ffffff\"></rect><polyline points=\"0,40 60,0 \" style=\"stroke-width: 2;\" fill=\"none\" stroke=\"#000000\"></polyline><text style=\"font-family: Arial,sans-serif; font-size: 12px;\" class=\" djs-label\"><tspan x=\"43.5\" y=\"43.5\">Policy</tspan></text></g><rect x=\"0\" y=\"0\" width=\"120\" height=\"80\" style=\"stroke-opacity: 0; stroke-width: 15;\" fill=\"none\" stroke=\"#ffffff\" class=\"djs-hit\"></rect></g></g><g class=\"djs-group\" xmlns=\"http://www.w3.org/2000/svg\"><g class=\"djs-element djs-shape selected\" data-element-id=\"EndEvent_16kg9fx\" transform=\"matrix(1,0,0,1,925,162)\" style=\"display: block;\"><rect fill=\"none\" class=\"djs-outline\" x=\"-6\" y=\"-6\" width=\"48\" height=\"48\"></rect><g class=\"djs-visual\"><circle cx=\"18\" cy=\"18\" r=\"18\" style=\"stroke-width: 4;\" stroke=\"#000000\" fill=\"#ffffff\"></circle></g><rect x=\"0\" y=\"0\" width=\"36\" height=\"36\" style=\"stroke-opacity: 0; stroke-width: 15;\" fill=\"none\" stroke=\"#ffffff\" class=\"djs-hit\"></rect><g class=\" djs-resizer djs-resizer-nw\" transform=\"matrix(1,0,0,1,0,0)\"><rect x=\"-7\" y=\"-7\" width=\"5\" height=\"5\" class=\" djs-resizer-visual\"></rect><rect x=\"-7\" y=\"-7\" width=\"20\" height=\"20\" class=\" djs-resizer-hit\"></rect></g><g class=\" djs-resizer djs-resizer-ne\" transform=\"matrix(0,1,-1,0,36,0)\"><rect x=\"-7\" y=\"-7\" width=\"5\" height=\"5\" class=\" djs-resizer-visual\"></rect><rect x=\"-7\" y=\"-7\" width=\"20\" height=\"20\" class=\" djs-resizer-hit\"></rect></g><g class=\" djs-resizer djs-resizer-se\" transform=\"matrix(-1,0,0,-1,36,36)\"><rect x=\"-7\" y=\"-7\" width=\"5\" height=\"5\" class=\" djs-resizer-visual\"></rect><rect x=\"-7\" y=\"-7\" width=\"20\" height=\"20\" class=\" djs-resizer-hit\"></rect></g><g class=\" djs-resizer djs-resizer-sw\" transform=\"matrix(0,-1,1,0,0,36)\"><rect x=\"-7\" y=\"-7\" width=\"5\" height=\"5\" class=\" djs-resizer-visual\"></rect><rect x=\"-7\" y=\"-7\" width=\"20\" height=\"20\" class=\" djs-resizer-hit\"></rect></g></g></g><g class=\"djs-group\" xmlns=\"http://www.w3.org/2000/svg\"><g class=\"djs-element djs-shape\" data-element-id=\"EndEvent_16kg9fx_label\" transform=\"matrix(1,0,0,1,898,198)\" style=\"display: none;\"><rect fill=\"none\" class=\"djs-outline\" x=\"-6\" y=\"-6\" width=\"102\" height=\"32\"></rect><g class=\"djs-visual\"><text style=\"font-family: Arial,sans-serif; font-size: 11px;\" class=\" djs-label\"><tspan x=\"45\" y=\"0\"></tspan></text></g><rect x=\"0\" y=\"0\" width=\"90\" height=\"20\" style=\"stroke-opacity: 0; stroke-width: 15;\" fill=\"none\" stroke=\"#ffffff\" class=\"djs-hit\"></rect></g></g><g class=\"djs-group\" xmlns=\"http://www.w3.org/2000/svg\"><g class=\"djs-element djs-connection\" data-element-id=\"SequenceFlow_1ahk7jg\" style=\"display: block;\"><rect fill=\"none\" class=\"djs-outline\" x=\"80\" y=\"174\" width=\"133\" height=\"12\"></rect><g class=\"djs-visual\"><path d=\"m  86,180L207,180 \" style=\"stroke-width: 2; stroke-linejoin: round; marker-end: url(&quot;#markerSjdype4kmnw&quot;);\" fill=\"none\" stroke=\"#000000\"></path></g><polyline points=\"86,180 207,180 \" style=\"stroke-opacity: 0; stroke-width: 15;\" fill=\"none\" stroke=\"#ffffff\" class=\"djs-hit\"></polyline></g></g><g class=\"djs-group\" xmlns=\"http://www.w3.org/2000/svg\"><g class=\"djs-element djs-shape\" data-element-id=\"SequenceFlow_1ahk7jg_label\" transform=\"matrix(1,0,0,1,101.5,170)\" style=\"display: none;\"><rect fill=\"none\" class=\"djs-outline\" x=\"-6\" y=\"-6\" width=\"102\" height=\"32\"></rect><g class=\"djs-visual\"><text style=\"font-family: Arial,sans-serif; font-size: 11px;\" class=\" djs-label\"><tspan x=\"45\" y=\"0\"></tspan></text></g><rect x=\"0\" y=\"0\" width=\"90\" height=\"20\" style=\"stroke-opacity: 0; stroke-width: 15;\" fill=\"none\" stroke=\"#ffffff\" class=\"djs-hit\"></rect></g></g><g class=\"djs-group\" xmlns=\"http://www.w3.org/2000/svg\"><g class=\"djs-element djs-connection\" data-element-id=\"SequenceFlow_18ahat1\" style=\"display: block;\"><rect fill=\"none\" class=\"djs-outline\" x=\"321\" y=\"174\" width=\"138\" height=\"12\"></rect><g class=\"djs-visual\"><path d=\"m  327,180L453,180 \" style=\"stroke-width: 2; stroke-linejoin: round; marker-end: url(&quot;#markerSjdype4kmnw&quot;);\" fill=\"none\" stroke=\"#000000\"></path></g><polyline points=\"327,180 453,180 \" style=\"stroke-opacity: 0; stroke-width: 15;\" fill=\"none\" stroke=\"#ffffff\" class=\"djs-hit\"></polyline></g></g><g class=\"djs-group\" xmlns=\"http://www.w3.org/2000/svg\"><g class=\"djs-element djs-shape\" data-element-id=\"SequenceFlow_18ahat1_label\" transform=\"matrix(1,0,0,1,345,170)\" style=\"display: none;\"><rect fill=\"none\" class=\"djs-outline\" x=\"-6\" y=\"-6\" width=\"102\" height=\"32\"></rect><g class=\"djs-visual\"><text style=\"font-family: Arial,sans-serif; font-size: 11px;\" class=\" djs-label\"><tspan x=\"45\" y=\"0\"></tspan></text></g><rect x=\"0\" y=\"0\" width=\"90\" height=\"20\" style=\"stroke-opacity: 0; stroke-width: 15;\" fill=\"none\" stroke=\"#ffffff\" class=\"djs-hit\"></rect></g></g><g class=\"djs-group\" xmlns=\"http://www.w3.org/2000/svg\"><g class=\"djs-element djs-connection\" data-element-id=\"SequenceFlow_1mo9gxb\" style=\"display: block;\"><rect fill=\"none\" class=\"djs-outline\" x=\"567\" y=\"174\" width=\"126\" height=\"12\"></rect><g class=\"djs-visual\"><path d=\"m  573,180L687,180 \" style=\"stroke-width: 2; stroke-linejoin: round; marker-end: url(&quot;#markerSjdype4kmnw&quot;);\" fill=\"none\" stroke=\"#000000\"></path></g><polyline points=\"573,180 687,180 \" style=\"stroke-opacity: 0; stroke-width: 15;\" fill=\"none\" stroke=\"#ffffff\" class=\"djs-hit\"></polyline></g></g><g class=\"djs-group\" xmlns=\"http://www.w3.org/2000/svg\"><g class=\"djs-element djs-shape\" data-element-id=\"SequenceFlow_1mo9gxb_label\" transform=\"matrix(1,0,0,1,585,170)\" style=\"display: none;\"><rect fill=\"none\" class=\"djs-outline\" x=\"-6\" y=\"-6\" width=\"102\" height=\"32\"></rect><g class=\"djs-visual\"><text style=\"font-family: Arial,sans-serif; font-size: 11px;\" class=\" djs-label\"><tspan x=\"45\" y=\"0\"></tspan></text></g><rect x=\"0\" y=\"0\" width=\"90\" height=\"20\" style=\"stroke-opacity: 0; stroke-width: 15;\" fill=\"none\" stroke=\"#ffffff\" class=\"djs-hit\"></rect></g></g><g class=\"djs-group\" xmlns=\"http://www.w3.org/2000/svg\"><g class=\"djs-element djs-connection\" data-element-id=\"SequenceFlow_1dgtrrq\" style=\"display: block;\"><rect fill=\"none\" class=\"djs-outline\" x=\"801\" y=\"174\" width=\"130\" height=\"12\"></rect><g class=\"djs-visual\"><path d=\"m  807,180L925,180 \" style=\"stroke-width: 2; stroke-linejoin: round; marker-end: url(&quot;#markerSjdype4kmnw&quot;);\" fill=\"none\" stroke=\"#000000\"></path></g><polyline points=\"807,180 925,180 \" style=\"stroke-opacity: 0; stroke-width: 15;\" fill=\"none\" stroke=\"#ffffff\" class=\"djs-hit\"></polyline></g></g><g class=\"djs-group\" xmlns=\"http://www.w3.org/2000/svg\"><g class=\"djs-element djs-shape\" data-element-id=\"SequenceFlow_1dgtrrq_label\" transform=\"matrix(1,0,0,1,821,170)\" style=\"display: none;\"><rect fill=\"none\" class=\"djs-outline\" x=\"-6\" y=\"-6\" width=\"102\" height=\"32\"></rect><g class=\"djs-visual\"><text style=\"font-family: Arial,sans-serif; font-size: 11px;\" class=\" djs-label\"><tspan x=\"45\" y=\"0\"></tspan></text></g><rect x=\"0\" y=\"0\" width=\"90\" height=\"20\" style=\"stroke-opacity: 0; stroke-width: 15;\" fill=\"none\" stroke=\"#ffffff\" class=\"djs-hit\"></rect></g></g></svg>',NULL,'2018-02-22 16:12:18'),('3c06ce66-17eb-11e8-b63b-0242ac130002','3c02f310-17eb-11e8-b63b-0242ac130002','<?xml version=\"1.0\" encoding=\"utf-8\"?>\n<!-- created with bpmn-js / http://bpmn.io -->\n<!DOCTYPE svg PUBLIC \"-//W3C//DTD SVG 1.1//EN\" \"http://www.w3.org/Graphics/SVG/1.1/DTD/svg11.dtd\">\n<svg xmlns=\"http://www.w3.org/2000/svg\" xmlns:xlink=\"http://www.w3.org/1999/xlink\" width=\"965\" height=\"92\" viewBox=\"44 134 965 92\" version=\"1.1\"><defs><marker viewBox=\"0 0 20 20\" markerWidth=\"10\" markerHeight=\"10\" orient=\"auto\" refX=\"11\" refY=\"10\" id=\"markerSjdype4kmyk\"><path d=\"M 1 5 L 11 10 L 1 15 Z\" style=\"stroke-width: 1; stroke-linecap: round; stroke-dasharray: 10000, 1;\" fill=\"#000000\"/></marker><marker viewBox=\"0 0 20 20\" markerWidth=\"20\" markerHeight=\"20\" orient=\"auto\" refX=\"6\" refY=\"6\" id=\"markerSjdype4kmym\"><circle cx=\"6\" cy=\"6\" r=\"3.5\" style=\"stroke-width: 1; stroke-linecap: round; stroke-dasharray: 10000, 1;\" fill=\"#ffffff\" stroke=\"#000000\"/></marker><marker viewBox=\"0 0 20 20\" markerWidth=\"20\" markerHeight=\"20\" orient=\"auto\" refX=\"8.5\" refY=\"5\" id=\"markerSjdype4kmyo\"><path d=\"m 1 5 l 0 -3 l 7 3 l -7 3 z\" style=\"stroke-width: 1; stroke-linecap: butt; stroke-dasharray: 10000, 1;\" fill=\"#ffffff\" stroke=\"#000000\"/></marker><marker viewBox=\"0 0 20 20\" markerWidth=\"10\" markerHeight=\"10\" orient=\"auto\" refX=\"11\" refY=\"10\" id=\"markerSjdype4kmyq\"><path d=\"M 1 5 L 11 10 L 1 15\" style=\"stroke-width: 1; stroke-linecap: round; stroke-dasharray: 10000, 1;\" fill=\"#ffffff\" stroke=\"#000000\"/></marker><marker viewBox=\"0 0 20 20\" markerWidth=\"10\" markerHeight=\"10\" orient=\"auto\" refX=\"-1\" refY=\"10\" id=\"markerSjdype4kmys\"><path d=\"M 0 10 L 8 6 L 16 10 L 8 14 Z\" style=\"stroke-width: 1; stroke-linecap: round; stroke-dasharray: 10000, 1;\" fill=\"#ffffff\" stroke=\"#000000\"/></marker><marker viewBox=\"0 0 20 20\" markerWidth=\"10\" markerHeight=\"10\" orient=\"auto\" refX=\"-5\" refY=\"10\" id=\"markerSjdype4kmyu\"><path d=\"M 1 4 L 5 16\" style=\"stroke-width: 1; stroke-linecap: round; stroke-dasharray: 10000, 1;\" fill=\"#000000\" stroke=\"#000000\"/></marker></defs><g class=\"djs-group\" xmlns=\"http://www.w3.org/2000/svg\"><g class=\"djs-element djs-shape\" data-element-id=\"StartEvent_1\" transform=\"matrix(1,0,0,1,50,162)\" style=\"display: block;\"><rect fill=\"none\" class=\"djs-outline\" x=\"-6\" y=\"-6\" width=\"48\" height=\"48\"></rect><g class=\"djs-visual\"><circle cx=\"18\" cy=\"18\" r=\"18\" style=\"stroke-width: 2;\" stroke=\"#000000\" fill=\"#ffffff\"></circle></g><rect x=\"0\" y=\"0\" width=\"36\" height=\"36\" style=\"stroke-opacity: 0; stroke-width: 15;\" fill=\"none\" stroke=\"#ffffff\" class=\"djs-hit\"></rect></g></g><g class=\"djs-group\" xmlns=\"http://www.w3.org/2000/svg\"><g class=\"djs-element djs-shape\" data-element-id=\"StartEvent_1_label\" transform=\"matrix(1,0,0,1,23,198)\" style=\"display: none;\"><rect fill=\"none\" class=\"djs-outline\" x=\"-6\" y=\"-6\" width=\"102\" height=\"32\"></rect><g class=\"djs-visual\"><text style=\"font-family: Arial,sans-serif; font-size: 11px;\" class=\" djs-label\"><tspan x=\"45\" y=\"0\"></tspan></text></g><rect x=\"0\" y=\"0\" width=\"90\" height=\"20\" style=\"stroke-opacity: 0; stroke-width: 15;\" fill=\"none\" stroke=\"#ffffff\" class=\"djs-hit\"></rect></g></g><g class=\"djs-group\" xmlns=\"http://www.w3.org/2000/svg\"><g class=\"djs-element djs-shape\" data-element-id=\"VesCollector_1u6hupb\" transform=\"matrix(1,0,0,1,231,140)\" style=\"display: block;\"><rect fill=\"none\" class=\"djs-outline\" x=\"-6\" y=\"-6\" width=\"132\" height=\"92\"></rect><g class=\"djs-visual\"><rect x=\"0\" y=\"0\" width=\"120\" height=\"80\" rx=\"0\" ry=\"0\" style=\"stroke-width: 2;\" stroke=\"#000000\" fill=\"#ffffff\"></rect><polyline points=\"120,80 120,20 \" style=\"stroke-width: 2;\" fill=\"none\" stroke=\"#000000\"></polyline><polyline points=\"20,0 20,80 \" style=\"stroke-width: 2;\" fill=\"none\" stroke=\"#000000\"></polyline><text style=\"font-family: Arial,sans-serif; font-size: 12px;\"><tspan x=\"5\" y=\"14\">V</tspan></text><text style=\"font-family: Arial,sans-serif; font-size: 12px;\"><tspan x=\"5\" y=\"26\">E</tspan></text><text style=\"font-family: Arial,sans-serif; font-size: 12px;\"><tspan x=\"5\" y=\"38\">S</tspan></text><text style=\"font-family: Arial,sans-serif; font-size: 12px;\" class=\" djs-label\"><tspan x=\"25.5\" y=\"43.5\">VesCollector</tspan></text></g><rect x=\"0\" y=\"0\" width=\"120\" height=\"80\" style=\"stroke-opacity: 0; stroke-width: 15;\" fill=\"none\" stroke=\"#ffffff\" class=\"djs-hit\"></rect></g></g><g class=\"djs-group\" xmlns=\"http://www.w3.org/2000/svg\"><g class=\"djs-element djs-shape\" data-element-id=\"TCA_09syovq\" transform=\"matrix(1,0,0,1,472,140)\" style=\"display: block;\"><rect fill=\"none\" class=\"djs-outline\" x=\"-6\" y=\"-6\" width=\"132\" height=\"92\"></rect><g class=\"djs-visual\"><rect x=\"0\" y=\"0\" width=\"120\" height=\"80\" rx=\"0\" ry=\"0\" style=\"stroke-width: 2;\" stroke=\"#000000\" fill=\"#ffffff\"></rect><polyline points=\"0,60 120,60 \" style=\"stroke-width: 2;\" fill=\"none\" stroke=\"#000000\"></polyline><text style=\"font-family: Arial,sans-serif; font-size: 12px;\" class=\" djs-label\"><tspan x=\"48\" y=\"43.5\">TCA</tspan></text></g><rect x=\"0\" y=\"0\" width=\"120\" height=\"80\" style=\"stroke-opacity: 0; stroke-width: 15;\" fill=\"none\" stroke=\"#ffffff\" class=\"djs-hit\"></rect></g></g><g class=\"djs-group\" xmlns=\"http://www.w3.org/2000/svg\"><g class=\"djs-element djs-shape\" data-element-id=\"Policy_1r0guma\" transform=\"matrix(1,0,0,1,721,140)\" style=\"display: block;\"><rect fill=\"none\" class=\"djs-outline\" x=\"-6\" y=\"-6\" width=\"132\" height=\"92\"></rect><g class=\"djs-visual\"><rect x=\"0\" y=\"0\" width=\"120\" height=\"80\" rx=\"0\" ry=\"0\" style=\"stroke-width: 2;\" stroke=\"#000000\" fill=\"#ffffff\"></rect><polyline points=\"0,40 60,0 \" style=\"stroke-width: 2;\" fill=\"none\" stroke=\"#000000\"></polyline><text style=\"font-family: Arial,sans-serif; font-size: 12px;\" class=\" djs-label\"><tspan x=\"43.5\" y=\"43.5\">Policy</tspan></text></g><rect x=\"0\" y=\"0\" width=\"120\" height=\"80\" style=\"stroke-opacity: 0; stroke-width: 15;\" fill=\"none\" stroke=\"#ffffff\" class=\"djs-hit\"></rect></g></g><g class=\"djs-group\" xmlns=\"http://www.w3.org/2000/svg\"><g class=\"djs-element djs-shape selected\" data-element-id=\"EndEvent_04x88vg\" transform=\"matrix(1,0,0,1,966,162)\" style=\"display: block;\"><rect fill=\"none\" class=\"djs-outline\" x=\"-6\" y=\"-6\" width=\"48\" height=\"48\"></rect><g class=\"djs-visual\"><circle cx=\"18\" cy=\"18\" r=\"18\" style=\"stroke-width: 4;\" stroke=\"#000000\" fill=\"#ffffff\"></circle></g><rect x=\"0\" y=\"0\" width=\"36\" height=\"36\" style=\"stroke-opacity: 0; stroke-width: 15;\" fill=\"none\" stroke=\"#ffffff\" class=\"djs-hit\"></rect><g class=\" djs-resizer djs-resizer-nw\" transform=\"matrix(1,0,0,1,0,0)\"><rect x=\"-7\" y=\"-7\" width=\"5\" height=\"5\" class=\" djs-resizer-visual\"></rect><rect x=\"-7\" y=\"-7\" width=\"20\" height=\"20\" class=\" djs-resizer-hit\"></rect></g><g class=\" djs-resizer djs-resizer-ne\" transform=\"matrix(0,1,-1,0,36,0)\"><rect x=\"-7\" y=\"-7\" width=\"5\" height=\"5\" class=\" djs-resizer-visual\"></rect><rect x=\"-7\" y=\"-7\" width=\"20\" height=\"20\" class=\" djs-resizer-hit\"></rect></g><g class=\" djs-resizer djs-resizer-se\" transform=\"matrix(-1,0,0,-1,36,36)\"><rect x=\"-7\" y=\"-7\" width=\"5\" height=\"5\" class=\" djs-resizer-visual\"></rect><rect x=\"-7\" y=\"-7\" width=\"20\" height=\"20\" class=\" djs-resizer-hit\"></rect></g><g class=\" djs-resizer djs-resizer-sw\" transform=\"matrix(0,-1,1,0,0,36)\"><rect x=\"-7\" y=\"-7\" width=\"5\" height=\"5\" class=\" djs-resizer-visual\"></rect><rect x=\"-7\" y=\"-7\" width=\"20\" height=\"20\" class=\" djs-resizer-hit\"></rect></g></g></g><g class=\"djs-group\" xmlns=\"http://www.w3.org/2000/svg\"><g class=\"djs-element djs-shape\" data-element-id=\"EndEvent_04x88vg_label\" transform=\"matrix(1,0,0,1,939,198)\" style=\"display: none;\"><rect fill=\"none\" class=\"djs-outline\" x=\"-6\" y=\"-6\" width=\"102\" height=\"32\"></rect><g class=\"djs-visual\"><text style=\"font-family: Arial,sans-serif; font-size: 11px;\" class=\" djs-label\"><tspan x=\"45\" y=\"0\"></tspan></text></g><rect x=\"0\" y=\"0\" width=\"90\" height=\"20\" style=\"stroke-opacity: 0; stroke-width: 15;\" fill=\"none\" stroke=\"#ffffff\" class=\"djs-hit\"></rect></g></g><g class=\"djs-group\" xmlns=\"http://www.w3.org/2000/svg\"><g class=\"djs-element djs-connection\" data-element-id=\"SequenceFlow_0y4m01s\" style=\"display: block;\"><rect fill=\"none\" class=\"djs-outline\" x=\"80\" y=\"174\" width=\"157\" height=\"12\"></rect><g class=\"djs-visual\"><path d=\"m  86,180L231,180 \" style=\"stroke-width: 2; stroke-linejoin: round; marker-end: url(&quot;#markerSjdype4kmyk&quot;);\" fill=\"none\" stroke=\"#000000\"></path></g><polyline points=\"86,180 231,180 \" style=\"stroke-opacity: 0; stroke-width: 15;\" fill=\"none\" stroke=\"#ffffff\" class=\"djs-hit\"></polyline></g></g><g class=\"djs-group\" xmlns=\"http://www.w3.org/2000/svg\"><g class=\"djs-element djs-shape\" data-element-id=\"SequenceFlow_0y4m01s_label\" transform=\"matrix(1,0,0,1,113.5,170)\" style=\"display: none;\"><rect fill=\"none\" class=\"djs-outline\" x=\"-6\" y=\"-6\" width=\"102\" height=\"32\"></rect><g class=\"djs-visual\"><text style=\"font-family: Arial,sans-serif; font-size: 11px;\" class=\" djs-label\"><tspan x=\"45\" y=\"0\"></tspan></text></g><rect x=\"0\" y=\"0\" width=\"90\" height=\"20\" style=\"stroke-opacity: 0; stroke-width: 15;\" fill=\"none\" stroke=\"#ffffff\" class=\"djs-hit\"></rect></g></g><g class=\"djs-group\" xmlns=\"http://www.w3.org/2000/svg\"><g class=\"djs-element djs-connection\" data-element-id=\"SequenceFlow_10vqotq\" style=\"display: block;\"><rect fill=\"none\" class=\"djs-outline\" x=\"345\" y=\"174\" width=\"133\" height=\"12\"></rect><g class=\"djs-visual\"><path d=\"m  351,180L472,180 \" style=\"stroke-width: 2; stroke-linejoin: round; marker-end: url(&quot;#markerSjdype4kmyk&quot;);\" fill=\"none\" stroke=\"#000000\"></path></g><polyline points=\"351,180 472,180 \" style=\"stroke-opacity: 0; stroke-width: 15;\" fill=\"none\" stroke=\"#ffffff\" class=\"djs-hit\"></polyline></g></g><g class=\"djs-group\" xmlns=\"http://www.w3.org/2000/svg\"><g class=\"djs-element djs-shape\" data-element-id=\"SequenceFlow_10vqotq_label\" transform=\"matrix(1,0,0,1,366.5,170)\" style=\"display: none;\"><rect fill=\"none\" class=\"djs-outline\" x=\"-6\" y=\"-6\" width=\"102\" height=\"32\"></rect><g class=\"djs-visual\"><text style=\"font-family: Arial,sans-serif; font-size: 11px;\" class=\" djs-label\"><tspan x=\"45\" y=\"0\"></tspan></text></g><rect x=\"0\" y=\"0\" width=\"90\" height=\"20\" style=\"stroke-opacity: 0; stroke-width: 15;\" fill=\"none\" stroke=\"#ffffff\" class=\"djs-hit\"></rect></g></g><g class=\"djs-group\" xmlns=\"http://www.w3.org/2000/svg\"><g class=\"djs-element djs-connection\" data-element-id=\"SequenceFlow_0fpkygk\" style=\"display: block;\"><rect fill=\"none\" class=\"djs-outline\" x=\"586\" y=\"174\" width=\"141\" height=\"12\"></rect><g class=\"djs-visual\"><path d=\"m  592,180L721,180 \" style=\"stroke-width: 2; stroke-linejoin: round; marker-end: url(&quot;#markerSjdype4kmyk&quot;);\" fill=\"none\" stroke=\"#000000\"></path></g><polyline points=\"592,180 721,180 \" style=\"stroke-opacity: 0; stroke-width: 15;\" fill=\"none\" stroke=\"#ffffff\" class=\"djs-hit\"></polyline></g></g><g class=\"djs-group\" xmlns=\"http://www.w3.org/2000/svg\"><g class=\"djs-element djs-shape\" data-element-id=\"SequenceFlow_0fpkygk_label\" transform=\"matrix(1,0,0,1,611.5,170)\" style=\"display: none;\"><rect fill=\"none\" class=\"djs-outline\" x=\"-6\" y=\"-6\" width=\"102\" height=\"32\"></rect><g class=\"djs-visual\"><text style=\"font-family: Arial,sans-serif; font-size: 11px;\" class=\" djs-label\"><tspan x=\"45\" y=\"0\"></tspan></text></g><rect x=\"0\" y=\"0\" width=\"90\" height=\"20\" style=\"stroke-opacity: 0; stroke-width: 15;\" fill=\"none\" stroke=\"#ffffff\" class=\"djs-hit\"></rect></g></g><g class=\"djs-group\" xmlns=\"http://www.w3.org/2000/svg\"><g class=\"djs-element djs-connection\" data-element-id=\"SequenceFlow_0jsvuvu\" style=\"display: block;\"><rect fill=\"none\" class=\"djs-outline\" x=\"835\" y=\"174\" width=\"137\" height=\"12\"></rect><g class=\"djs-visual\"><path d=\"m  841,180L966,180 \" style=\"stroke-width: 2; stroke-linejoin: round; marker-end: url(&quot;#markerSjdype4kmyk&quot;);\" fill=\"none\" stroke=\"#000000\"></path></g><polyline points=\"841,180 966,180 \" style=\"stroke-opacity: 0; stroke-width: 15;\" fill=\"none\" stroke=\"#ffffff\" class=\"djs-hit\"></polyline></g></g><g class=\"djs-group\" xmlns=\"http://www.w3.org/2000/svg\"><g class=\"djs-element djs-shape\" data-element-id=\"SequenceFlow_0jsvuvu_label\" transform=\"matrix(1,0,0,1,858.5,170)\" style=\"display: none;\"><rect fill=\"none\" class=\"djs-outline\" x=\"-6\" y=\"-6\" width=\"102\" height=\"32\"></rect><g class=\"djs-visual\"><text style=\"font-family: Arial,sans-serif; font-size: 11px;\" class=\" djs-label\"><tspan x=\"45\" y=\"0\"></tspan></text></g><rect x=\"0\" y=\"0\" width=\"90\" height=\"20\" style=\"stroke-opacity: 0; stroke-width: 15;\" fill=\"none\" stroke=\"#ffffff\" class=\"djs-hit\"></rect></g></g></svg>',NULL,'2018-02-22 16:12:52'),('eb9d6280-17ea-11e8-b63b-0242ac130002','eb98db1e-17ea-11e8-b63b-0242ac130002','<?xml version=\"1.0\" encoding=\"utf-8\"?>\n<!-- created with bpmn-js / http://bpmn.io -->\n<!DOCTYPE svg PUBLIC \"-//W3C//DTD SVG 1.1//EN\" \"http://www.w3.org/Graphics/SVG/1.1/DTD/svg11.dtd\">\n<svg xmlns=\"http://www.w3.org/2000/svg\" xmlns:xlink=\"http://www.w3.org/1999/xlink\" width=\"936\" height=\"92\" viewBox=\"44 134 936 92\" version=\"1.1\"><defs><marker viewBox=\"0 0 20 20\" markerWidth=\"10\" markerHeight=\"10\" orient=\"auto\" refX=\"11\" refY=\"10\" id=\"markerSjdype4kmx\"><path d=\"M 1 5 L 11 10 L 1 15 Z\" style=\"stroke-width: 1; stroke-linecap: round; stroke-dasharray: 10000, 1;\" fill=\"#000000\"/></marker><marker viewBox=\"0 0 20 20\" markerWidth=\"20\" markerHeight=\"20\" orient=\"auto\" refX=\"6\" refY=\"6\" id=\"markerSjdype4kmz\"><circle cx=\"6\" cy=\"6\" r=\"3.5\" style=\"stroke-width: 1; stroke-linecap: round; stroke-dasharray: 10000, 1;\" fill=\"#ffffff\" stroke=\"#000000\"/></marker><marker viewBox=\"0 0 20 20\" markerWidth=\"20\" markerHeight=\"20\" orient=\"auto\" refX=\"8.5\" refY=\"5\" id=\"markerSjdype4km11\"><path d=\"m 1 5 l 0 -3 l 7 3 l -7 3 z\" style=\"stroke-width: 1; stroke-linecap: butt; stroke-dasharray: 10000, 1;\" fill=\"#ffffff\" stroke=\"#000000\"/></marker><marker viewBox=\"0 0 20 20\" markerWidth=\"10\" markerHeight=\"10\" orient=\"auto\" refX=\"11\" refY=\"10\" id=\"markerSjdype4km13\"><path d=\"M 1 5 L 11 10 L 1 15\" style=\"stroke-width: 1; stroke-linecap: round; stroke-dasharray: 10000, 1;\" fill=\"#ffffff\" stroke=\"#000000\"/></marker><marker viewBox=\"0 0 20 20\" markerWidth=\"10\" markerHeight=\"10\" orient=\"auto\" refX=\"-1\" refY=\"10\" id=\"markerSjdype4km15\"><path d=\"M 0 10 L 8 6 L 16 10 L 8 14 Z\" style=\"stroke-width: 1; stroke-linecap: round; stroke-dasharray: 10000, 1;\" fill=\"#ffffff\" stroke=\"#000000\"/></marker><marker viewBox=\"0 0 20 20\" markerWidth=\"10\" markerHeight=\"10\" orient=\"auto\" refX=\"-5\" refY=\"10\" id=\"markerSjdype4km17\"><path d=\"M 1 4 L 5 16\" style=\"stroke-width: 1; stroke-linecap: round; stroke-dasharray: 10000, 1;\" fill=\"#000000\" stroke=\"#000000\"/></marker></defs><g class=\"djs-group\" xmlns=\"http://www.w3.org/2000/svg\"><g class=\"djs-element djs-shape\" data-element-id=\"StartEvent_1\" transform=\"matrix(1,0,0,1,50,162)\" style=\"display: block;\"><rect fill=\"none\" class=\"djs-outline\" x=\"-6\" y=\"-6\" width=\"48\" height=\"48\"></rect><g class=\"djs-visual\"><circle cx=\"18\" cy=\"18\" r=\"18\" style=\"stroke-width: 2;\" stroke=\"#000000\" fill=\"#ffffff\"></circle></g><rect x=\"0\" y=\"0\" width=\"36\" height=\"36\" style=\"stroke-opacity: 0; stroke-width: 15;\" fill=\"none\" stroke=\"#ffffff\" class=\"djs-hit\"></rect></g></g><g class=\"djs-group\" xmlns=\"http://www.w3.org/2000/svg\"><g class=\"djs-element djs-shape\" data-element-id=\"StartEvent_1_label\" transform=\"matrix(1,0,0,1,23,198)\" style=\"display: none;\"><rect fill=\"none\" class=\"djs-outline\" x=\"-6\" y=\"-6\" width=\"102\" height=\"32\"></rect><g class=\"djs-visual\"><text style=\"font-family: Arial,sans-serif; font-size: 11px;\" class=\" djs-label\"><tspan x=\"45\" y=\"0\"></tspan></text></g><rect x=\"0\" y=\"0\" width=\"90\" height=\"20\" style=\"stroke-opacity: 0; stroke-width: 15;\" fill=\"none\" stroke=\"#ffffff\" class=\"djs-hit\"></rect></g></g><g class=\"djs-group\" xmlns=\"http://www.w3.org/2000/svg\"><g class=\"djs-element djs-shape\" data-element-id=\"VesCollector_1arss4p\" transform=\"matrix(1,0,0,1,217,140)\" style=\"display: block;\"><rect fill=\"none\" class=\"djs-outline\" x=\"-6\" y=\"-6\" width=\"132\" height=\"92\"></rect><g class=\"djs-visual\"><rect x=\"0\" y=\"0\" width=\"120\" height=\"80\" rx=\"0\" ry=\"0\" style=\"stroke-width: 2;\" stroke=\"#000000\" fill=\"#ffffff\"></rect><polyline points=\"120,80 120,20 \" style=\"stroke-width: 2;\" fill=\"none\" stroke=\"#000000\"></polyline><polyline points=\"20,0 20,80 \" style=\"stroke-width: 2;\" fill=\"none\" stroke=\"#000000\"></polyline><text style=\"font-family: Arial,sans-serif; font-size: 12px;\"><tspan x=\"5\" y=\"14\">V</tspan></text><text style=\"font-family: Arial,sans-serif; font-size: 12px;\"><tspan x=\"5\" y=\"26\">E</tspan></text><text style=\"font-family: Arial,sans-serif; font-size: 12px;\"><tspan x=\"5\" y=\"38\">S</tspan></text><text style=\"font-family: Arial,sans-serif; font-size: 12px;\" class=\" djs-label\"><tspan x=\"25.5\" y=\"43.5\">VesCollector</tspan></text></g><rect x=\"0\" y=\"0\" width=\"120\" height=\"80\" style=\"stroke-opacity: 0; stroke-width: 15;\" fill=\"none\" stroke=\"#ffffff\" class=\"djs-hit\"></rect></g></g><g class=\"djs-group\" xmlns=\"http://www.w3.org/2000/svg\"><g class=\"djs-element djs-shape\" data-element-id=\"Holmes_1gxp0mm\" transform=\"matrix(1,0,0,1,463,140)\" style=\"display: block;\"><rect fill=\"none\" class=\"djs-outline\" x=\"-6\" y=\"-6\" width=\"132\" height=\"92\"></rect><g class=\"djs-visual\"><rect x=\"0\" y=\"0\" width=\"120\" height=\"80\" rx=\"0\" ry=\"0\" style=\"stroke-width: 2;\" stroke=\"#000000\" fill=\"#ffffff\"></rect><circle cx=\"15\" cy=\"15\" r=\"10\" style=\"stroke-width: 1;\" stroke=\"#000000\" fill=\"#ffffff\"></circle><text style=\"font-family: Arial,sans-serif; font-size: 12px;\"><tspan x=\"11\" y=\"20\">H</tspan></text><text style=\"font-family: Arial,sans-serif; font-size: 12px;\" class=\" djs-label\"><tspan x=\"39\" y=\"43.5\">Holmes</tspan></text></g><rect x=\"0\" y=\"0\" width=\"120\" height=\"80\" style=\"stroke-opacity: 0; stroke-width: 15;\" fill=\"none\" stroke=\"#ffffff\" class=\"djs-hit\"></rect></g></g><g class=\"djs-group\" xmlns=\"http://www.w3.org/2000/svg\"><g class=\"djs-element djs-shape\" data-element-id=\"Policy_136qatf\" transform=\"matrix(1,0,0,1,713,140)\" style=\"display: block;\"><rect fill=\"none\" class=\"djs-outline\" x=\"-6\" y=\"-6\" width=\"132\" height=\"92\"></rect><g class=\"djs-visual\"><rect x=\"0\" y=\"0\" width=\"120\" height=\"80\" rx=\"0\" ry=\"0\" style=\"stroke-width: 2;\" stroke=\"#000000\" fill=\"#ffffff\"></rect><polyline points=\"0,40 60,0 \" style=\"stroke-width: 2;\" fill=\"none\" stroke=\"#000000\"></polyline><text style=\"font-family: Arial,sans-serif; font-size: 12px;\" class=\" djs-label\"><tspan x=\"43.5\" y=\"43.5\">Policy</tspan></text></g><rect x=\"0\" y=\"0\" width=\"120\" height=\"80\" style=\"stroke-opacity: 0; stroke-width: 15;\" fill=\"none\" stroke=\"#ffffff\" class=\"djs-hit\"></rect></g></g><g class=\"djs-group\" xmlns=\"http://www.w3.org/2000/svg\"><g class=\"djs-element djs-shape selected\" data-element-id=\"EndEvent_034z36u\" transform=\"matrix(1,0,0,1,937,162)\" style=\"display: block;\"><rect fill=\"none\" class=\"djs-outline\" x=\"-6\" y=\"-6\" width=\"48\" height=\"48\"></rect><g class=\"djs-visual\"><circle cx=\"18\" cy=\"18\" r=\"18\" style=\"stroke-width: 4;\" stroke=\"#000000\" fill=\"#ffffff\"></circle></g><rect x=\"0\" y=\"0\" width=\"36\" height=\"36\" style=\"stroke-opacity: 0; stroke-width: 15;\" fill=\"none\" stroke=\"#ffffff\" class=\"djs-hit\"></rect><g class=\" djs-resizer djs-resizer-nw\" transform=\"matrix(1,0,0,1,0,0)\"><rect x=\"-7\" y=\"-7\" width=\"5\" height=\"5\" class=\" djs-resizer-visual\"></rect><rect x=\"-7\" y=\"-7\" width=\"20\" height=\"20\" class=\" djs-resizer-hit\"></rect></g><g class=\" djs-resizer djs-resizer-ne\" transform=\"matrix(0,1,-1,0,36,0)\"><rect x=\"-7\" y=\"-7\" width=\"5\" height=\"5\" class=\" djs-resizer-visual\"></rect><rect x=\"-7\" y=\"-7\" width=\"20\" height=\"20\" class=\" djs-resizer-hit\"></rect></g><g class=\" djs-resizer djs-resizer-se\" transform=\"matrix(-1,0,0,-1,36,36)\"><rect x=\"-7\" y=\"-7\" width=\"5\" height=\"5\" class=\" djs-resizer-visual\"></rect><rect x=\"-7\" y=\"-7\" width=\"20\" height=\"20\" class=\" djs-resizer-hit\"></rect></g><g class=\" djs-resizer djs-resizer-sw\" transform=\"matrix(0,-1,1,0,0,36)\"><rect x=\"-7\" y=\"-7\" width=\"5\" height=\"5\" class=\" djs-resizer-visual\"></rect><rect x=\"-7\" y=\"-7\" width=\"20\" height=\"20\" class=\" djs-resizer-hit\"></rect></g></g></g><g class=\"djs-group\" xmlns=\"http://www.w3.org/2000/svg\"><g class=\"djs-element djs-shape\" data-element-id=\"EndEvent_034z36u_label\" transform=\"matrix(1,0,0,1,910,198)\" style=\"display: none;\"><rect fill=\"none\" class=\"djs-outline\" x=\"-6\" y=\"-6\" width=\"102\" height=\"32\"></rect><g class=\"djs-visual\"><text style=\"font-family: Arial,sans-serif; font-size: 11px;\" class=\" djs-label\"><tspan x=\"45\" y=\"0\"></tspan></text></g><rect x=\"0\" y=\"0\" width=\"90\" height=\"20\" style=\"stroke-opacity: 0; stroke-width: 15;\" fill=\"none\" stroke=\"#ffffff\" class=\"djs-hit\"></rect></g></g><g class=\"djs-group\" xmlns=\"http://www.w3.org/2000/svg\"><g class=\"djs-element djs-connection\" data-element-id=\"SequenceFlow_1d9v6ya\" style=\"display: block;\"><rect fill=\"none\" class=\"djs-outline\" x=\"80\" y=\"174\" width=\"143\" height=\"12\"></rect><g class=\"djs-visual\"><path d=\"m  86,180L217,180 \" style=\"stroke-width: 2; stroke-linejoin: round; marker-end: url(&quot;#markerSjdype4kmx&quot;);\" fill=\"none\" stroke=\"#000000\"></path></g><polyline points=\"86,180 217,180 \" style=\"stroke-opacity: 0; stroke-width: 15;\" fill=\"none\" stroke=\"#ffffff\" class=\"djs-hit\"></polyline></g></g><g class=\"djs-group\" xmlns=\"http://www.w3.org/2000/svg\"><g class=\"djs-element djs-shape\" data-element-id=\"SequenceFlow_1d9v6ya_label\" transform=\"matrix(1,0,0,1,106.5,170)\" style=\"display: none;\"><rect fill=\"none\" class=\"djs-outline\" x=\"-6\" y=\"-6\" width=\"102\" height=\"32\"></rect><g class=\"djs-visual\"><text style=\"font-family: Arial,sans-serif; font-size: 11px;\" class=\" djs-label\"><tspan x=\"45\" y=\"0\"></tspan></text></g><rect x=\"0\" y=\"0\" width=\"90\" height=\"20\" style=\"stroke-opacity: 0; stroke-width: 15;\" fill=\"none\" stroke=\"#ffffff\" class=\"djs-hit\"></rect></g></g><g class=\"djs-group\" xmlns=\"http://www.w3.org/2000/svg\"><g class=\"djs-element djs-connection\" data-element-id=\"SequenceFlow_01q83h9\" style=\"display: block;\"><rect fill=\"none\" class=\"djs-outline\" x=\"331\" y=\"174\" width=\"138\" height=\"12\"></rect><g class=\"djs-visual\"><path d=\"m  337,180L463,180 \" style=\"stroke-width: 2; stroke-linejoin: round; marker-end: url(&quot;#markerSjdype4kmx&quot;);\" fill=\"none\" stroke=\"#000000\"></path></g><polyline points=\"337,180 463,180 \" style=\"stroke-opacity: 0; stroke-width: 15;\" fill=\"none\" stroke=\"#ffffff\" class=\"djs-hit\"></polyline></g></g><g class=\"djs-group\" xmlns=\"http://www.w3.org/2000/svg\"><g class=\"djs-element djs-shape\" data-element-id=\"SequenceFlow_01q83h9_label\" transform=\"matrix(1,0,0,1,355,170)\" style=\"display: none;\"><rect fill=\"none\" class=\"djs-outline\" x=\"-6\" y=\"-6\" width=\"102\" height=\"32\"></rect><g class=\"djs-visual\"><text style=\"font-family: Arial,sans-serif; font-size: 11px;\" class=\" djs-label\"><tspan x=\"45\" y=\"0\"></tspan></text></g><rect x=\"0\" y=\"0\" width=\"90\" height=\"20\" style=\"stroke-opacity: 0; stroke-width: 15;\" fill=\"none\" stroke=\"#ffffff\" class=\"djs-hit\"></rect></g></g><g class=\"djs-group\" xmlns=\"http://www.w3.org/2000/svg\"><g class=\"djs-element djs-connection\" data-element-id=\"SequenceFlow_1gw4hg3\" style=\"display: block;\"><rect fill=\"none\" class=\"djs-outline\" x=\"577\" y=\"174\" width=\"142\" height=\"12\"></rect><g class=\"djs-visual\"><path d=\"m  583,180L713,180 \" style=\"stroke-width: 2; stroke-linejoin: round; marker-end: url(&quot;#markerSjdype4kmx&quot;);\" fill=\"none\" stroke=\"#000000\"></path></g><polyline points=\"583,180 713,180 \" style=\"stroke-opacity: 0; stroke-width: 15;\" fill=\"none\" stroke=\"#ffffff\" class=\"djs-hit\"></polyline></g></g><g class=\"djs-group\" xmlns=\"http://www.w3.org/2000/svg\"><g class=\"djs-element djs-shape\" data-element-id=\"SequenceFlow_1gw4hg3_label\" transform=\"matrix(1,0,0,1,603,170)\" style=\"display: none;\"><rect fill=\"none\" class=\"djs-outline\" x=\"-6\" y=\"-6\" width=\"102\" height=\"32\"></rect><g class=\"djs-visual\"><text style=\"font-family: Arial,sans-serif; font-size: 11px;\" class=\" djs-label\"><tspan x=\"45\" y=\"0\"></tspan></text></g><rect x=\"0\" y=\"0\" width=\"90\" height=\"20\" style=\"stroke-opacity: 0; stroke-width: 15;\" fill=\"none\" stroke=\"#ffffff\" class=\"djs-hit\"></rect></g></g><g class=\"djs-group\" xmlns=\"http://www.w3.org/2000/svg\"><g class=\"djs-element djs-connection\" data-element-id=\"SequenceFlow_07go3oi\" style=\"display: block;\"><rect fill=\"none\" class=\"djs-outline\" x=\"827\" y=\"174\" width=\"116\" height=\"12\"></rect><g class=\"djs-visual\"><path d=\"m  833,180L937,180 \" style=\"stroke-width: 2; stroke-linejoin: round; marker-end: url(&quot;#markerSjdype4kmx&quot;);\" fill=\"none\" stroke=\"#000000\"></path></g><polyline points=\"833,180 937,180 \" style=\"stroke-opacity: 0; stroke-width: 15;\" fill=\"none\" stroke=\"#ffffff\" class=\"djs-hit\"></polyline></g></g><g class=\"djs-group\" xmlns=\"http://www.w3.org/2000/svg\"><g class=\"djs-element djs-shape\" data-element-id=\"SequenceFlow_07go3oi_label\" transform=\"matrix(1,0,0,1,840,170)\" style=\"display: none;\"><rect fill=\"none\" class=\"djs-outline\" x=\"-6\" y=\"-6\" width=\"102\" height=\"32\"></rect><g class=\"djs-visual\"><text style=\"font-family: Arial,sans-serif; font-size: 11px;\" class=\" djs-label\"><tspan x=\"45\" y=\"0\"></tspan></text></g><rect x=\"0\" y=\"0\" width=\"90\" height=\"20\" style=\"stroke-opacity: 0; stroke-width: 15;\" fill=\"none\" stroke=\"#ffffff\" class=\"djs-hit\"></rect></g></g></svg>',NULL,'2018-02-22 16:10:37');
/*!40000 ALTER TABLE `template_image` ENABLE KEYS */;
UNLOCK TABLES;
